olympiad_name,organizer_name
"""Финатлон для старшеклассников"" - Всероссийская олимпиада по финансовой грамотности, устойчивому развитию и защите прав потребителей финансовых услуг","Федеральное государственное автономное образовательное учреждение высшего образования ""Московский политехнический университет"""
"""Финатлон для старшеклассников"" - Всероссийская олимпиада по финансовой грамотности, устойчивому развитию и защите прав потребителей финансовых услуг","Автономная некоммерческая организация высшего образования ""Национальный институт финансовых рынков и управления"""
"""Финатлон для старшеклассников"" - Всероссийская олимпиада по финансовой грамотности, устойчивому развитию и защите прав потребителей финансовых услуг",Федеральная служба по надзору в сфере защиты прав потребителей и благополучия человека
"""Финатлон для старшеклассников"" - Всероссийская олимпиада по финансовой грамотности, устойчивому развитию и защите прав потребителей финансовых услуг",Министерство просвещения и воспитания Ульяновской области
"""Финатлон для старшеклассников"" - Всероссийская олимпиада по финансовой грамотности, устойчивому развитию и защите прав потребителей финансовых услуг","Федеральное государственное бюджетное образовательное учреждение высшего образования ""Благовещенский государственный педагогический университет"""
"""Финатлон для старшеклассников"" - Всероссийская олимпиада по финансовой грамотности, устойчивому развитию и защите прав потребителей финансовых услуг","Федеральное государственное бюджетное образовательное учреждение высшего образования ""Бурятский государственный университет имени Доржи Банзарова"""
"""Финатлон для старшеклассников"" - Всероссийская олимпиада по финансовой грамотности, устойчивому развитию и защите прав потребителей финансовых услуг","Федеральное государственное автономное образовательное учреждение высшего образования ""Белгородский государственный национальный исследовательский университет"""
"""Финатлон для старшеклассников"" - Всероссийская олимпиада по финансовой грамотности, устойчивому развитию и защите прав потребителей финансовых услуг","Федеральное государственное бюджетное образовательное учреждение высшего образования ""Тихоокеанский государственный университет"""
"""Финатлон для старшеклассников"" - Всероссийская олимпиада по финансовой грамотности, устойчивому развитию и защите прав потребителей финансовых услуг","Федеральное государственное бюджетное образовательное учреждение высшего образования ""Кемеровский государственный университет"""
"""Финатлон для старшеклассников"" - Всероссийская олимпиада по финансовой грамотности, устойчивому развитию и защите прав потребителей финансовых услуг","Федеральное государственное бюджетное образовательное учреждение высшего образования ""Оренбургский государственный университет"""
"""Финатлон для старшеклассников"" - Всероссийская олимпиада по финансовой грамотности, устойчивому развитию и защите прав потребителей финансовых услуг","Федеральное государственное бюджетное образовательное учреждение высшего образования ""Национальный исследовательский Мордовский государственный университет им. Н.П. Огарева"""
"""Финатлон для старшеклассников"" - Всероссийская олимпиада по финансовой грамотности, устойчивому развитию и защите прав потребителей финансовых услуг","Федеральное государственное бюджетное образовательное учреждение высшего образования ""Смоленский государственный университет"""
"""Финатлон для старшеклассников"" - Всероссийская олимпиада по финансовой грамотности, устойчивому развитию и защите прав потребителей финансовых услуг","Федеральное государственное бюджетное образовательное учреждение высшего образования ""Новосибирский государственный университет экономики и управления ""НИНХ"""
"""Финатлон для старшеклассников"" - Всероссийская олимпиада по финансовой грамотности, устойчивому развитию и защите прав потребителей финансовых услуг","Федеральное государственное автономное образовательное учреждение высшего образования ""Волгоградский государственный университет"""
"""Финатлон для старшеклассников"" - Всероссийская олимпиада по финансовой грамотности, устойчивому развитию и защите прав потребителей финансовых услуг","Федеральное государственное автономное образовательное учреждение высшего образования ""Пермский государственный национальный исследовательский университет"""
"""Финатлон для старшеклассников"" - Всероссийская олимпиада по финансовой грамотности, устойчивому развитию и защите прав потребителей финансовых услуг","Бюджетное учреждение высшего образования Ханты-Мансийского автономного округа - Югры ""Сургутский государственный университет"""
"""Финатлон для старшеклассников"" - Всероссийская олимпиада по финансовой грамотности, устойчивому развитию и защите прав потребителей финансовых услуг","Федеральное государственное бюджетное образовательное учреждение высшего образования ""Чувашский государственный педагогический университет им. И.Я. Яковлева"""
"""Финатлон для старшеклассников"" - Всероссийская олимпиада по финансовой грамотности, устойчивому развитию и защите прав потребителей финансовых услуг","Федеральное государственное автономное образовательное учреждение высшего образования ""Самарский государственный экономический университет"""
"""Финатлон для старшеклассников"" - Всероссийская олимпиада по финансовой грамотности, устойчивому развитию и защите прав потребителей финансовых услуг","Частное образовательное учреждение высшего образования ""Санкт-Петербургский университет технологий управления и экономики"""
"""Финатлон для старшеклассников"" - Всероссийская олимпиада по финансовой грамотности, устойчивому развитию и защите прав потребителей финансовых услуг","Федеральное государственное бюджетное образовательное учреждение высшего образования ""Адыгейский государственный университет"""
"""Финатлон для старшеклассников"" - Всероссийская олимпиада по финансовой грамотности, устойчивому развитию и защите прав потребителей финансовых услуг","Автономная некоммерческая организация высшего образования ""Университет мировых цивилизаций имени В.В. Жириновского"""
"""Финатлон для старшеклассников"" - Всероссийская олимпиада по финансовой грамотности, устойчивому развитию и защите прав потребителей финансовых услуг","Федеральное государственное бюджетное образовательное учреждение высшего образования ""Ставропольский государственный аграрный университет"""
"""Финатлон для старшеклассников"" - Всероссийская олимпиада по финансовой грамотности, устойчивому развитию и защите прав потребителей финансовых услуг","Федеральное государственное бюджетное образовательное учреждение высшего образования ""Тверской государственный университет"""
"""Финатлон для старшеклассников"" - Всероссийская олимпиада по финансовой грамотности, устойчивому развитию и защите прав потребителей финансовых услуг","Федеральное государственное бюджетное образовательное учреждение высшего образования ""Уфимский государственный нефтяной технический университет"""
"""Финатлон для старшеклассников"" - Всероссийская олимпиада по финансовой грамотности, устойчивому развитию и защите прав потребителей финансовых услуг","Федеральное государственное бюджетное образовательное учреждение высшего образования ""Ярославский государственный университет им. П.Г. Демидова"""
"""Финатлон для старшеклассников"" - Всероссийская олимпиада по финансовой грамотности, устойчивому развитию и защите прав потребителей финансовых услуг","Федеральное государственное бюджетное образовательное учреждение высшего образования ""Курский государственный университет"""
"""Финатлон для старшеклассников"" - Всероссийская олимпиада по финансовой грамотности, устойчивому развитию и защите прав потребителей финансовых услуг","Федеральное государственное бюджетное образовательное учреждение высшего образования ""Курганский государственный университет"""
"""Финатлон для старшеклассников"" - Всероссийская олимпиада по финансовой грамотности, устойчивому развитию и защите прав потребителей финансовых услуг","Федеральное государственное автономное образовательное учреждение высшего образования ""Севастопольский государственный университет"""
"""Финатлон для старшеклассников"" - Всероссийская олимпиада по финансовой грамотности, устойчивому развитию и защите прав потребителей финансовых услуг","Федеральное государственное бюджетное образовательное учреждение высшего образования ""Байкальский государственный университет"""
"""Финатлон для старшеклассников"" - Всероссийская олимпиада по финансовой грамотности, устойчивому развитию и защите прав потребителей финансовых услуг","Автономная некоммерческая образовательная организация высшего образования ""Калининградский институт управления"""
"""Формула Единства""/""Третье тысячелетие""","Федеральное государственное автономное образовательное учреждение высшего образования ""Санкт-Петербургский государственный электротехнический университет ""ЛЭТИ"" им. В.И. Ульянова (Ленина)"""
"""Формула Единства""/""Третье тысячелетие""","Федеральное государственное бюджетное образовательное учреждение высшего образования ""Российская академия народного хозяйства и государственной службы при Президенте Российской Федерации"""
"""Формула Единства""/""Третье тысячелетие""","Федеральное государственное бюджетное образовательное учреждение высшего образования ""Балтийский государственный технический университет ""ВОЕНМЕХ"" им. Д.Ф. Устинова"""
"XVIII Южно-Российская межрегиональная олимпиада школьников ""Архитектура и искусство"" по комплексу предметов (рисунок, живопись, композиция, черчение)","Федеральное государственное автономное образовательное учреждение высшего образования ""Южный федеральный университет"""
"XVIII Южно-Российская межрегиональная олимпиада школьников ""Архитектура и искусство"" по комплексу предметов (рисунок, живопись, композиция, черчение)","Федеральное государственное автономное образовательное учреждение высшего образования ""Северо-Кавказский федеральный университет"""
"XVIII Южно-Российская межрегиональная олимпиада школьников ""Архитектура и искусство"" по комплексу предметов (рисунок, живопись, композиция, черчение)","Федеральное государственное бюджетное образовательное учреждение высшего образования ""Алтайский государственный университет"""
"XVIII Южно-Российская межрегиональная олимпиада школьников ""Архитектура и искусство"" по комплексу предметов (рисунок, живопись, композиция, черчение)","Федеральное государственное бюджетное образовательное учреждение высшего образования ""Белгородский государственный технологический университет им. В.Г. Шухова"""
"XVIII Южно-Российская межрегиональная олимпиада школьников ""Архитектура и искусство"" по комплексу предметов (рисунок, живопись, композиция, черчение)","Федеральное государственное бюджетное образовательное учреждение высшего образования ""Волгоградский государственный социально-педагогический университет"""
"XVIII Южно-Российская межрегиональная олимпиада школьников ""Архитектура и искусство"" по комплексу предметов (рисунок, живопись, композиция, черчение)","Федеральное государственное бюджетное образовательное учреждение высшего образования ""Воронежский государственный педагогический университет"""
"XVIII Южно-Российская межрегиональная олимпиада школьников ""Архитектура и искусство"" по комплексу предметов (рисунок, живопись, композиция, черчение)","Федеральное государственное бюджетное образовательное учреждение высшего образования ""Воронежский государственный технический университет"""
"XVIII Южно-Российская межрегиональная олимпиада школьников ""Архитектура и искусство"" по комплексу предметов (рисунок, живопись, композиция, черчение)","Федеральное государственное бюджетное образовательное учреждение высшего образования ""Грозненский государственный нефтяной технический университет имени академика М.Д. Миллионщикова"""
"XVIII Южно-Российская межрегиональная олимпиада школьников ""Архитектура и искусство"" по комплексу предметов (рисунок, живопись, композиция, черчение)","Федеральное государственное бюджетное образовательное учреждение высшего образования ""Донской государственный технический университет"""
"XVIII Южно-Российская межрегиональная олимпиада школьников ""Архитектура и искусство"" по комплексу предметов (рисунок, живопись, композиция, черчение)","Федеральное государственное бюджетное образовательное учреждение высшего образования ""Ивановский государственный политехнический университет"""
"XVIII Южно-Российская межрегиональная олимпиада школьников ""Архитектура и искусство"" по комплексу предметов (рисунок, живопись, композиция, черчение)","Федеральное государственное бюджетное образовательное учреждение высшего образования ""Казанский национальный исследовательский технологический университет"""
"XVIII Южно-Российская межрегиональная олимпиада школьников ""Архитектура и искусство"" по комплексу предметов (рисунок, живопись, композиция, черчение)","Федеральное государственное бюджетное образовательное учреждение высшего образования ""Калининградский государственный технический университет"""
"XVIII Южно-Российская межрегиональная олимпиада школьников ""Архитектура и искусство"" по комплексу предметов (рисунок, живопись, композиция, черчение)","Федеральное государственное бюджетное образовательное учреждение высшего образования ""Нижегородский государственный архитектурно-строительный университет"""
"XVIII Южно-Российская межрегиональная олимпиада школьников ""Архитектура и искусство"" по комплексу предметов (рисунок, живопись, композиция, черчение)","Федеральное государственное бюджетное образовательное учреждение высшего образования ""Пятигорский государственный университет"""
"XVIII Южно-Российская межрегиональная олимпиада школьников ""Архитектура и искусство"" по комплексу предметов (рисунок, живопись, композиция, черчение)","Федеральное государственное бюджетное образовательное учреждение высшего образования ""Томский государственный архитектурно-строительный университет"""
"XVIII Южно-Российская межрегиональная олимпиада школьников ""Архитектура и искусство"" по комплексу предметов (рисунок, живопись, композиция, черчение)","Федеральное государственное бюджетное образовательное учреждение высшего образования ""Юго-Западный государственный университет"""
"XVIII Южно-Российская межрегиональная олимпиада школьников ""Архитектура и искусство"" по комплексу предметов (рисунок, живопись, композиция, черчение)","Федеральное государственное бюджетное образовательное учреждение высшего образования ""Южно-Российский государственный политехнический университет (НПИ) имени М.И. Платова""-"
Всероссийская академическая олимпиада школьников имени В.И. Вернадского,"Федеральное государственное бюджетное образовательное учреждение высшего образования ""Бурятский государственный университет имени Доржи Банзарова"""
Всероссийская академическая олимпиада школьников имени В.И. Вернадского,"Автономная некоммерческая организация высшего образования ""Волгоградский институт бизнеса"""
Всероссийская академическая олимпиада школьников имени В.И. Вернадского,"Федеральное государственное бюджетное образовательное учреждение высшего образования ""Кемеровский государственный университет"""
Всероссийская академическая олимпиада школьников имени В.И. Вернадского,"Частное образовательное учреждение высшего образования ""Московский университет имени С.Ю. Витте"""
Всероссийская академическая олимпиада школьников имени В.И. Вернадского,"Автономная некоммерческая организация высшего образования ""Российский новый университет"""
Всероссийская академическая олимпиада школьников имени В.И. Вернадского,"Федеральное государственное бюджетное образовательное учреждение высшего образования ""Санкт-Петербургский государственный экономический университет"""
Всероссийская академическая олимпиада школьников имени В.И. Вернадского,"Федеральное государственное бюджетное образовательное учреждение высшего образования ""Тамбовский государственный технический университет"""
Всероссийская академическая олимпиада школьников имени В.И. Вернадского,"Федеральное государственное образовательное бюджетное учреждение высшего образования ""Финансовый университет при Правительстве Российской Федерации"""
Всероссийская академическая олимпиада школьников имени В.И. Вернадского,"Федеральное государственное бюджетное образовательное учреждение высшего образования ""Ульяновский государственный университет"""
"Всероссийская междисциплинарная олимпиада школьников 8 - 11 классов ""Национальная технологическая олимпиада""","Федеральное государственное автономное образовательное учреждение высшего образования ""Национальный исследовательский университет ""Высшая школа экономики"""
"Всероссийская междисциплинарная олимпиада школьников 8 - 11 классов ""Национальная технологическая олимпиада""","Федеральное государственное автономное образовательное учреждение высшего образования ""Московский физико-технический институт (национальный исследовательский университет)"""
"Всероссийская междисциплинарная олимпиада школьников 8 - 11 классов ""Национальная технологическая олимпиада""","Федеральное государственное автономное образовательное учреждение высшего образования ""Московский политехнический университет"""
"Всероссийская междисциплинарная олимпиада школьников 8 - 11 классов ""Национальная технологическая олимпиада""","Федеральное государственное бюджетное образовательное учреждение высшего образования ""Новосибирский государственный технический университет"""
"Всероссийская междисциплинарная олимпиада школьников 8 - 11 классов ""Национальная технологическая олимпиада""","Федеральное государственное автономное образовательное учреждение высшего образования ""Национальный исследовательский университет ИТМО"""
"Всероссийская междисциплинарная олимпиада школьников 8 - 11 классов ""Национальная технологическая олимпиада""","Федеральное государственное автономное образовательное учреждение высшего образования ""Омский государственный технический университет"""
"Всероссийская междисциплинарная олимпиада школьников 8 - 11 классов ""Национальная технологическая олимпиада""","Федеральное государственное бюджетное образовательное учреждение высшего образования ""МИРЭА - Российский технологический университет"""
"Всероссийская междисциплинарная олимпиада школьников 8 - 11 классов ""Национальная технологическая олимпиада""","Ордена Трудового Красного Знамени федеральное государственное бюджетное образовательное учреждение высшего образования ""Московский технический университет связи и информатики"""
"Всероссийская междисциплинарная олимпиада школьников 8 - 11 классов ""Национальная технологическая олимпиада""","Федеральное государственное автономное образовательное учреждение высшего образования ""Национальный исследовательский университет ""Высшая школа экономики"""
"Всероссийская междисциплинарная олимпиада школьников 8 - 11 классов ""Национальная технологическая олимпиада""","Федеральное государственное автономное образовательное учреждение высшего образования ""Московский политехнический университет"""
"Всероссийская междисциплинарная олимпиада школьников 8 - 11 классов ""Национальная технологическая олимпиада""","Федеральное государственное бюджетное образовательное учреждение высшего образования ""МИРЭА - Российский технологический университет"""
"Всероссийская междисциплинарная олимпиада школьников 8 - 11 классов ""Национальная технологическая олимпиада""","Федеральное государственное автономное образовательное учреждение высшего образования ""Национальный исследовательский университет ""Высшая школа экономики"""
"Всероссийская междисциплинарная олимпиада школьников 8 - 11 классов ""Национальная технологическая олимпиада""","Федеральное государственное автономное образовательное учреждение высшего образования ""Самарский национальный исследовательский университет имени академика С.П. Королева"""
"Всероссийская междисциплинарная олимпиада школьников 8 - 11 классов ""Национальная технологическая олимпиада""","Федеральное государственное автономное образовательное учреждение высшего образования ""Дальневосточный федеральный университет"""
"Всероссийская междисциплинарная олимпиада школьников 8 - 11 классов ""Национальная технологическая олимпиада""","Федеральное государственное автономное образовательное учреждение высшего образования ""Национальный исследовательский университет ИТМО"""
"Всероссийская междисциплинарная олимпиада школьников 8 - 11 классов ""Национальная технологическая олимпиада""","Федеральное государственное автономное образовательное учреждение высшего образования ""Санкт-Петербургский государственный университет аэрокосмического приборостроения"""
"Всероссийская междисциплинарная олимпиада школьников 8 - 11 классов ""Национальная технологическая олимпиада""","Федеральное государственное бюджетное образовательное учреждение высшего образования ""МИРЭА - Российский технологический университет"""
"Всероссийская междисциплинарная олимпиада школьников 8 - 11 классов ""Национальная технологическая олимпиада""","Федеральное государственное автономное образовательное учреждение высшего образования ""Национальный исследовательский университет ""Высшая школа экономики"""
"Всероссийская междисциплинарная олимпиада школьников 8 - 11 классов ""Национальная технологическая олимпиада""","Федеральное государственное автономное образовательное учреждение высшего образования ""Национальный исследовательский университет ИТМО"""
"Всероссийская междисциплинарная олимпиада школьников 8 - 11 классов ""Национальная технологическая олимпиада""","Федеральное государственное автономное образовательное учреждение высшего образования ""Национальный исследовательский университет ""Высшая школа экономики"""
"Всероссийская междисциплинарная олимпиада школьников 8 - 11 классов ""Национальная технологическая олимпиада""","Федеральное государственное автономное образовательное учреждение высшего образования ""Национальный исследовательский университет ИТМО"""
"Всероссийская междисциплинарная олимпиада школьников 8 - 11 классов ""Национальная технологическая олимпиада""","Федеральное государственное бюджетное образовательное учреждение высшего образования ""Иркутский государственный университет"""
"Всероссийская междисциплинарная олимпиада школьников 8 - 11 классов ""Национальная технологическая олимпиада""","Федеральное государственное бюджетное образовательное учреждение высшего образования ""Новосибирский государственный университет архитектуры, дизайна и искусств имени А.Д. Крячкова"""
"Всероссийская междисциплинарная олимпиада школьников 8 - 11 классов ""Национальная технологическая олимпиада""","Федеральное государственное бюджетное образовательное учреждение высшего образования ""Иркутский национальный исследовательский технический университет"""
"Всероссийская междисциплинарная олимпиада школьников 8 - 11 классов ""Национальная технологическая олимпиада""",Министерство образования Иркутской области
"Всероссийская междисциплинарная олимпиада школьников 8 - 11 классов ""Национальная технологическая олимпиада""","Федеральное государственное автономное образовательное учреждение высшего образования ""Крымский федеральный университет имени В.И. Вернадского"""
"Всероссийская междисциплинарная олимпиада школьников 8 - 11 классов ""Национальная технологическая олимпиада""","Федеральное государственное автономное образовательное учреждение высшего образования ""Национальный исследовательский университет ""Высшая школа экономики"""
"Всероссийская междисциплинарная олимпиада школьников 8 - 11 классов ""Национальная технологическая олимпиада""","Федеральное государственное автономное образовательное учреждение высшего образования ""Новосибирский национальный исследовательский государственный университет"""
"Всероссийская междисциплинарная олимпиада школьников 8 - 11 классов ""Национальная технологическая олимпиада""","Федеральное государственное бюджетное образовательное учреждение высшего образования ""МИРЭА - Российский технологический университет"""
"Всероссийская междисциплинарная олимпиада школьников 8 - 11 классов ""Национальная технологическая олимпиада""","Федеральное государственное автономное образовательное учреждение высшего образования ""Национальный исследовательский университет ""Высшая школа экономики"""
"Всероссийская междисциплинарная олимпиада школьников 8 - 11 классов ""Национальная технологическая олимпиада""","Федеральное государственное автономное образовательное учреждение высшего образования ""Московский политехнический университет"""
"Всероссийская междисциплинарная олимпиада школьников 8 - 11 классов ""Национальная технологическая олимпиада""","Федеральное государственное автономное образовательное учреждение высшего образования ""Национальный исследовательский университет ""Высшая школа экономики"""
"Всероссийская междисциплинарная олимпиада школьников 8 - 11 классов ""Национальная технологическая олимпиада""","Федеральное государственное автономное образовательное учреждение высшего образования ""Национальный исследовательский университет ИТМО"""
"Всероссийская междисциплинарная олимпиада школьников 8 - 11 классов ""Национальная технологическая олимпиада""","Федеральное государственное автономное образовательное учреждение высшего образования ""Национальный исследовательский университет ""Высшая школа экономики"""
"Всероссийская междисциплинарная олимпиада школьников 8 - 11 классов ""Национальная технологическая олимпиада""","Федеральное государственное автономное образовательное учреждение высшего образования ""Тюменский государственный университет"""
"Всероссийская междисциплинарная олимпиада школьников 8 - 11 классов ""Национальная технологическая олимпиада""","Федеральное государственное бюджетное образовательное учреждение высшего образования ""Новосибирский государственный технический университет"""
"Всероссийская междисциплинарная олимпиада школьников 8 - 11 классов ""Национальная технологическая олимпиада""","Бюджетное учреждение высшего образования Ханты-Мансийского автономного округа - Югры ""Сургутский государственный университет"""
"Всероссийская междисциплинарная олимпиада школьников 8 - 11 классов ""Национальная технологическая олимпиада""","Федеральное государственное автономное образовательное учреждение высшего образования ""Национальный исследовательский университет ""Высшая школа экономики"""
"Всероссийская междисциплинарная олимпиада школьников 8 - 11 классов ""Национальная технологическая олимпиада""","Федеральное государственное автономное образовательное учреждение высшего образования ""Национальный исследовательский ядерный университет ""МИФИ"""
"Всероссийская междисциплинарная олимпиада школьников 8 - 11 классов ""Национальная технологическая олимпиада""","Федеральное государственное автономное образовательное учреждение высшего образования ""Национальный исследовательский университет ""Высшая школа экономики"""
"Всероссийская междисциплинарная олимпиада школьников 8 - 11 классов ""Национальная технологическая олимпиада""","Федеральное государственное автономное образовательное учреждение высшего образования ""Национальный исследовательский университет ИТМО"""
"Всероссийская междисциплинарная олимпиада школьников 8 - 11 классов ""Национальная технологическая олимпиада""","Федеральное государственное автономное образовательное учреждение высшего образования ""Национальный исследовательский университет ""Высшая школа экономики"""
"Всероссийская междисциплинарная олимпиада школьников 8 - 11 классов ""Национальная технологическая олимпиада""","Федеральное государственное автономное образовательное учреждение высшего образования ""Московский физико-технический институт (национальный исследовательский университет)"""
"Всероссийская междисциплинарная олимпиада школьников 8 - 11 классов ""Национальная технологическая олимпиада""","Федеральное государственное автономное образовательное учреждение высшего образования ""Московский государственный технический университет имени Н.Э. Баумана (национальный исследовательский университет)"""
"Всероссийская междисциплинарная олимпиада школьников 8 - 11 классов ""Национальная технологическая олимпиада""","Федеральное государственное автономное образовательное учреждение высшего образования ""Национальный исследовательский университет ИТМО"""
"Всероссийская междисциплинарная олимпиада школьников 8 - 11 классов ""Национальная технологическая олимпиада""","Федеральное государственное бюджетное образовательное учреждение высшего образования ""МИРЭА - Российский технологический университет"""
"Всероссийская междисциплинарная олимпиада школьников 8 - 11 классов ""Национальная технологическая олимпиада""","Ордена Трудового Красного Знамени федеральное государственное бюджетное образовательное учреждение высшего образования ""Московский технический университет связи и информатики"""
"Всероссийская междисциплинарная олимпиада школьников 8 - 11 классов ""Национальная технологическая олимпиада""","Федеральное государственное автономное образовательное учреждение высшего образования ""Крымский федеральный университет имени В.И. Вернадского"""
"Всероссийская междисциплинарная олимпиада школьников 8 - 11 классов ""Национальная технологическая олимпиада""","Федеральное государственное автономное образовательное учреждение высшего образования ""Национальный исследовательский университет ""Высшая школа экономики"""
"Всероссийская междисциплинарная олимпиада школьников 8 - 11 классов ""Национальная технологическая олимпиада""","Федеральное государственное автономное образовательное учреждение высшего образования ""Национальный исследовательский ядерный университет ""МИФИ"""
"Всероссийская междисциплинарная олимпиада школьников 8 - 11 классов ""Национальная технологическая олимпиада""","Федеральное государственное автономное образовательное учреждение высшего образования ""Национальный исследовательский университет ""Высшая школа экономики"""
"Всероссийская междисциплинарная олимпиада школьников 8 - 11 классов ""Национальная технологическая олимпиада""","Федеральное государственное бюджетное образовательное учреждение высшего образования ""МИРЭА - Российский технологический университет"""
"Всероссийская междисциплинарная олимпиада школьников 8 - 11 классов ""Национальная технологическая олимпиада""","Федеральное государственное автономное образовательное учреждение высшего образования ""Национальный исследовательский университет ""Высшая школа экономики"""
"Всероссийская междисциплинарная олимпиада школьников 8 - 11 классов ""Национальная технологическая олимпиада""","Федеральное государственное бюджетное образовательное учреждение высшего образования ""Московский государственный психолого-педагогический университет"""
"Всероссийская междисциплинарная олимпиада школьников 8 - 11 классов ""Национальная технологическая олимпиада""","Федеральное государственное автономное образовательное учреждение высшего образования ""Национальный исследовательский университет ""Высшая школа экономики"""
"Всероссийская междисциплинарная олимпиада школьников 8 - 11 классов ""Национальная технологическая олимпиада""","Федеральное государственное автономное образовательное учреждение высшего образования ""Национальный исследовательский университет ИТМО"""
"Всероссийская междисциплинарная олимпиада школьников 8 - 11 классов ""Национальная технологическая олимпиада""","Федеральное государственное автономное образовательное учреждение высшего образования ""Национальный исследовательский университет ""Высшая школа экономики"""
"Всероссийская междисциплинарная олимпиада школьников 8 - 11 классов ""Национальная технологическая олимпиада""","Федеральное государственное автономное образовательное учреждение высшего образования ""Национальный исследовательский ядерный университет ""МИФИ"""
"Всероссийская междисциплинарная олимпиада школьников 8 - 11 классов ""Национальная технологическая олимпиада""","Федеральное государственное автономное образовательное учреждение высшего образования ""Национальный исследовательский университет ""Высшая школа экономики"""
"Всероссийская междисциплинарная олимпиада школьников 8 - 11 классов ""Национальная технологическая олимпиада""","Ордена Трудового Красного Знамени федеральное государственное бюджетное образовательное учреждение высшего образования ""Московский технический университет связи и информатики"""
"Всероссийская междисциплинарная олимпиада школьников 8 - 11 классов ""Национальная технологическая олимпиада""","Бюджетное учреждение высшего образования Ханты-Мансийского автономного округа - Югры ""Сургутский государственный университет"""
"Всероссийская междисциплинарная олимпиада школьников 8 - 11 классов ""Национальная технологическая олимпиада""",Федеральное государственное бюджетное учреждение науки Ордена Трудового Красного Знамени Институт солнечно-земной физики Сибирского отделения Российской академии наук
"Всероссийская междисциплинарная олимпиада школьников 8 - 11 классов ""Национальная технологическая олимпиада""","Федеральное государственное автономное образовательное учреждение высшего образования ""Национальный исследовательский университет ""Высшая школа экономики"""
"Всероссийская междисциплинарная олимпиада школьников 8 - 11 классов ""Национальная технологическая олимпиада""","Федеральное государственное бюджетное образовательное учреждение высшего образования ""МИРЭА - Российский технологический университет"""
"Всероссийская междисциплинарная олимпиада школьников 8 - 11 классов ""Национальная технологическая олимпиада""","Федеральное государственное автономное образовательное учреждение высшего образования ""Национальный исследовательский университет ""Высшая школа экономики"""
"Всероссийская междисциплинарная олимпиада школьников 8 - 11 классов ""Национальная технологическая олимпиада""","Федеральное государственное автономное образовательное учреждение высшего образования ""Национальный исследовательский Томский политехнический университет"""
"Всероссийская междисциплинарная олимпиада школьников 8 - 11 классов ""Национальная технологическая олимпиада""","Федеральное государственное автономное образовательное учреждение высшего образования ""Национальный исследовательский университет ""Московский институт электронной техники"""
"Всероссийская междисциплинарная олимпиада школьников 8 - 11 классов ""Национальная технологическая олимпиада""","Федеральное государственное автономное образовательное учреждение высшего образования ""Новосибирский национальный исследовательский государственный университет"""
"Всероссийская междисциплинарная олимпиада школьников 8 - 11 классов ""Национальная технологическая олимпиада""","Федеральное государственное бюджетное образовательное учреждение высшего образования ""Новосибирский государственный технический университет"""
"Всероссийская междисциплинарная олимпиада школьников 8 - 11 классов ""Национальная технологическая олимпиада""","Федеральное государственное автономное образовательное учреждение высшего образования ""Национальный исследовательский университет ""Высшая школа экономики"""
"Всероссийская междисциплинарная олимпиада школьников 8 - 11 классов ""Национальная технологическая олимпиада""","Федеральное государственное автономное образовательное учреждение высшего образования ""Национальный исследовательский ядерный университет ""МИФИ"""
"Всероссийская олимпиада по агрогенетике для школьников старших классов ""Иннагрика""",Министерство науки и высшего образования Российской Федерации
"Всероссийская олимпиада по агрогенетике для школьников старших классов ""Иннагрика""",Министерство сельского хозяйства Российской Федерации
"Всероссийская олимпиада по агрогенетике для школьников старших классов ""Иннагрика""","Федеральное государственное бюджетное образовательное учреждение высшего образования ""Российский государственный аграрный университет - МСХА имени К.А. Тимирязева"""
Всероссийская олимпиада по искусственному интеллекту,Министерство просвещения Российской Федерации
(с возможностью участия иностранных обучающихся),"Федеральное государственное автономное образовательное учреждение высшего образования ""Государственный университет просвещения"""
"Всероссийская олимпиада школьников ""Высшая проба""","Федеральное государственное автономное образовательное учреждение высшего образования ""Национальный исследовательский университет ""Высшая школа экономики"""
"Всероссийская олимпиада школьников ""Высшая проба""","Федеральное государственное автономное образовательное учреждение высшего образования ""Национальный исследовательский университет ИТМО"""
"Всероссийская олимпиада школьников ""Высшая проба""","Автономная некоммерческая организация высшего образования ""Университет Иннополис"""
"Всероссийская олимпиада школьников ""Высшая проба""","Федеральное государственное автономное образовательное учреждение высшего образования ""Уральский федеральный университет имени первого Президента России Б.Н. Ельцина"""
"Всероссийская олимпиада школьников ""Высшая проба""","Федеральное государственное бюджетное образовательное учреждение высшего образования ""Адыгейский государственный университет"""
"Всероссийская олимпиада школьников ""Высшая проба""","Негосударственное образовательное учреждение высшего образования ""Российская экономическая школа"" (институт)"
"Всероссийская олимпиада школьников ""Высшая проба""","Федеральное государственное автономное образовательное учреждение высшего образования ""Национальный исследовательский университет ""Высшая школа экономики"""
"Всероссийская олимпиада школьников ""Высшая проба""","Федеральное государственное автономное образовательное учреждение высшего образования ""Российский университет дружбы народов имени Патриса Лумумбы"""
"Всероссийская олимпиада школьников ""Высшая проба""","Федеральное государственное автономное образовательное учреждение высшего образования ""Белгородский государственный национальный исследовательский университет"""
"Всероссийская олимпиада школьников ""Высшая проба""","Федеральное государственное автономное образовательное учреждение высшего образования ""Северный (Арктический) федеральный университет имени М.В. Ломоносова"""
"Всероссийская олимпиада школьников ""Высшая проба""","Федеральное государственное автономное образовательное учреждение высшего образования ""Северо-Кавказский федеральный университет"""
"Всероссийская олимпиада школьников ""Высшая проба""","Федеральное государственное автономное образовательное учреждение высшего образования ""Южный федеральный университет"""
"Всероссийская олимпиада школьников ""Высшая проба""","Федеральное государственное бюджетное образовательное учреждение высшего образования ""Новосибирский государственный университет экономики и управления ""НИНХ"""
"Всероссийская олимпиада школьников ""Высшая проба""","Федеральное государственное бюджетное образовательное учреждение высшего образования ""Пензенский государственный университет"""
"Всероссийская олимпиада школьников ""Высшая проба""","Федеральное государственное бюджетное образовательное учреждение высшего образования ""Юго-Западный государственный университет"""
"Всероссийская олимпиада школьников ""Высшая проба""","Федеральное государственное автономное образовательное учреждение высшего образования ""Тюменский государственный университет"""
"Всероссийская олимпиада школьников ""Высшая проба""","Федеральное государственное автономное образовательное учреждение высшего образования ""Казанский (Приволжский) федеральный университет"""
"Всероссийская олимпиада школьников ""Высшая проба""","Федеральное государственное бюджетное образовательное учреждение высшего образования ""Кубанский государственный технологический университет"""
"Всероссийская олимпиада школьников ""Высшая проба""","Федеральное государственное автономное образовательное учреждение высшего образования ""Национальный исследовательский университет ""Высшая школа экономики"""
"Всероссийская олимпиада школьников ""Высшая проба""",Федеральное государственное бюджетное учреждение науки Институт теоретической физики им. Л.Д. Ландау Российской академии наук
"Всероссийская олимпиада школьников ""Высшая проба""",Федеральное государственное бюджетное учреждение науки Институт космических исследований Российской академии наук
"Всероссийская олимпиада школьников ""Высшая проба""","Федеральное государственное автономное образовательное учреждение высшего образования ""Российский университет дружбы народов имени Патриса Лумумбы"""
"Всероссийская олимпиада школьников ""Высшая проба""","Федеральное государственное автономное образовательное учреждение высшего образования ""Белгородский государственный национальный исследовательский университет"""
"Всероссийская олимпиада школьников ""Высшая проба""","Федеральное государственное автономное образовательное учреждение высшего образования ""Северный (Арктический) федеральный университет имени М.В. Ломоносова"""
"Всероссийская олимпиада школьников ""Высшая проба""","Федеральное государственное автономное образовательное учреждение высшего образования ""Северо-Кавказский федеральный университет"""
"Всероссийская олимпиада школьников ""Высшая проба""","Федеральное государственное автономное образовательное учреждение высшего образования ""Южный федеральный университет"""
"Всероссийская олимпиада школьников ""Высшая проба""","Федеральное государственное бюджетное образовательное учреждение высшего образования ""Новосибирский государственный университет экономики и управления ""НИНХ"""
"Всероссийская олимпиада школьников ""Высшая проба""","Федеральное государственное бюджетное образовательное учреждение высшего образования ""Пензенский государственный университет"""
"Всероссийская олимпиада школьников ""Высшая проба""","Федеральное государственное бюджетное образовательное учреждение высшего образования ""Юго-Западный государственный университет"""
"Всероссийская олимпиада школьников ""Высшая проба""","Федеральное государственное автономное образовательное учреждение высшего образования ""Тюменский государственный университет"""
"Всероссийская олимпиада школьников ""Высшая проба""","Федеральное государственное автономное образовательное учреждение высшего образования ""Казанский (Приволжский) федеральный университет"""
"Всероссийская олимпиада школьников ""Высшая проба""","Федеральное государственное бюджетное образовательное учреждение высшего образования ""Кубанский государственный технологический университет"""
"Всероссийская олимпиада школьников ""Высшая проба""","Федеральное государственное автономное образовательное учреждение высшего образования ""Национальный исследовательский университет ""Высшая школа экономики"""
"Всероссийская олимпиада школьников ""Высшая проба""","Федеральное государственное автономное образовательное учреждение высшего образования ""Российский университет дружбы народов имени Патриса Лумумбы"""
"Всероссийская олимпиада школьников ""Высшая проба""","Федеральное государственное автономное образовательное учреждение высшего образования ""Белгородский государственный национальный исследовательский университет"""
"Всероссийская олимпиада школьников ""Высшая проба""","Федеральное государственное автономное образовательное учреждение высшего образования ""Северный (Арктический) федеральный университет имени М.В. Ломоносова"""
"Всероссийская олимпиада школьников ""Высшая проба""","Федеральное государственное автономное образовательное учреждение высшего образования ""Северо-Кавказский федеральный университет"""
"Всероссийская олимпиада школьников ""Высшая проба""","Федеральное государственное автономное образовательное учреждение высшего образования ""Южный федеральный университет"""
"Всероссийская олимпиада школьников ""Высшая проба""","Федеральное государственное бюджетное образовательное учреждение высшего образования ""Новосибирский государственный университет экономики и управления ""НИНХ"""
"Всероссийская олимпиада школьников ""Высшая проба""","Федеральное государственное бюджетное образовательное учреждение высшего образования ""Пензенский государственный университет"""
"Всероссийская олимпиада школьников ""Высшая проба""","Федеральное государственное бюджетное образовательное учреждение высшего образования ""Юго-Западный государственный университет"""
"Всероссийская олимпиада школьников ""Высшая проба""","Федеральное государственное автономное образовательное учреждение высшего образования ""Тюменский государственный университет"""
"Всероссийская олимпиада школьников ""Высшая проба""","Федеральное государственное автономное образовательное учреждение высшего образования ""Казанский (Приволжский) федеральный университет"""
"Всероссийская олимпиада школьников ""Высшая проба""","Федеральное государственное бюджетное образовательное учреждение высшего образования ""Кубанский государственный технологический университет"""
"Всероссийская олимпиада школьников ""Высшая проба""","Федеральное государственное автономное образовательное учреждение высшего образования ""Национальный исследовательский университет ""Высшая школа экономики"""
"Всероссийская олимпиада школьников ""Высшая проба""","Федеральное государственное автономное образовательное учреждение высшего образования ""Белгородский государственный национальный исследовательский университет"""
"Всероссийская олимпиада школьников ""Высшая проба""","Федеральное государственное автономное образовательное учреждение высшего образования ""Северный (Арктический) федеральный университет имени М.В. Ломоносова"""
"Всероссийская олимпиада школьников ""Высшая проба""","Федеральное государственное автономное образовательное учреждение высшего образования ""Северо-Кавказский федеральный университет"""
"Всероссийская олимпиада школьников ""Высшая проба""","Федеральное государственное автономное образовательное учреждение высшего образования ""Южный федеральный университет"""
"Всероссийская олимпиада школьников ""Высшая проба""","Федеральное государственное бюджетное образовательное учреждение высшего образования ""Новосибирский государственный университет экономики и управления ""НИНХ"""
"Всероссийская олимпиада школьников ""Высшая проба""","Федеральное государственное бюджетное образовательное учреждение высшего образования ""Пензенский государственный университет"""
"Всероссийская олимпиада школьников ""Высшая проба""","Федеральное государственное бюджетное образовательное учреждение высшего образования ""Юго-Западный государственный университет"""
"Всероссийская олимпиада школьников ""Высшая проба""","Федеральное государственное автономное образовательное учреждение высшего образования ""Тюменский государственный университет"""
"Всероссийская олимпиада школьников ""Высшая проба""","Федеральное государственное автономное образовательное учреждение высшего образования ""Казанский (Приволжский) федеральный университет"""
"Всероссийская олимпиада школьников ""Высшая проба""","Федеральное государственное бюджетное образовательное учреждение высшего образования ""Кубанский государственный технологический университет"""
"Всероссийская олимпиада школьников ""Высшая проба""","Федеральное государственное автономное образовательное учреждение высшего образования ""Национальный исследовательский университет ""Высшая школа экономики"""
"Всероссийская олимпиада школьников ""Высшая проба""","Федеральное государственное автономное образовательное учреждение высшего образования ""Российский университет дружбы народов имени Патриса Лумумбы"""
"Всероссийская олимпиада школьников ""Высшая проба""","Федеральное государственное автономное образовательное учреждение высшего образования ""Белгородский государственный национальный исследовательский университет"""
"Всероссийская олимпиада школьников ""Высшая проба""","Федеральное государственное автономное образовательное учреждение высшего образования ""Северный (Арктический) федеральный университет имени М.В. Ломоносова"""
"Всероссийская олимпиада школьников ""Высшая проба""","Федеральное государственное автономное образовательное учреждение высшего образования ""Северо-Кавказский федеральный университет"""
"Всероссийская олимпиада школьников ""Высшая проба""","Федеральное государственное автономное образовательное учреждение высшего образования ""Южный федеральный университет"""
"Всероссийская олимпиада школьников ""Высшая проба""","Федеральное государственное бюджетное образовательное учреждение высшего образования ""Новосибирский государственный университет экономики и управления ""НИНХ"""
"Всероссийская олимпиада школьников ""Высшая проба""","Федеральное государственное бюджетное образовательное учреждение высшего образования ""Пензенский государственный университет"""
"Всероссийская олимпиада школьников ""Высшая проба""","Федеральное государственное бюджетное образовательное учреждение высшего образования ""Юго-Западный государственный университет"""
"Всероссийская олимпиада школьников ""Высшая проба""","Федеральное государственное автономное образовательное учреждение высшего образования ""Тюменский государственный университет"""
"Всероссийская олимпиада школьников ""Высшая проба""","Федеральное государственное автономное образовательное учреждение высшего образования ""Казанский (Приволжский) федеральный университет"""
"Всероссийская олимпиада школьников ""Высшая проба""","Федеральное государственное бюджетное образовательное учреждение высшего образования ""Кубанский государственный технологический университет"""
"Всероссийская олимпиада школьников ""Миссия выполнима. Твое призвание - финансист!""","Федеральное государственное образовательное бюджетное учреждение высшего образования ""Финансовый университет при Правительстве Российской Федерации"""
"Всероссийская олимпиада школьников ""Миссия выполнима. Твое призвание - финансист!""","Федеральное государственное автономное образовательное учреждение высшего образования ""Северо-Восточный федеральный университет имени М.К. Аммосова"""
"Всероссийская олимпиада школьников ""Юридические высоты!""","Федеральное государственное бюджетное образовательное учреждение высшего образования ""Уральский государственный юридический университет имени В.Ф. Яковлева"""
Всероссийская Сеченовская олимпиада школьников,Федеральное государственное автономное образовательное учреждение высшего образования Первый Московский государственный медицинский университет имени И.М. Сеченова Министерства здравоохранения Российской Федерации (Сеченовский Университет)
Всероссийская Толстовская олимпиада школьников,"Федеральное государственное бюджетное образовательное учреждение высшего образования ""Тульский государственный педагогический университет им. Л.Н. Толстого"""
Всероссийская Толстовская олимпиада школьников,"Федеральное государственное бюджетное образовательное учреждение высшего образования ""Алтайский государственный университет"""
Всероссийская Толстовская олимпиада школьников,"Федеральное государственное автономное образовательное учреждение высшего образования ""Белгородский государственный национальный исследовательский университет"""
Всероссийская Толстовская олимпиада школьников,"Государственное образовательное учреждение высшего образования Московской области ""Государственный социально-гуманитарный университет"""
Всероссийская Толстовская олимпиада школьников,"Федеральное государственное бюджетное образовательное учреждение высшего образования ""Рязанский государственный университет имени С.А. Есенина"""
Всероссийская Толстовская олимпиада школьников,"Федеральное государственное бюджетное образовательное учреждение высшего образования ""Тверской государственный университет"""
Всероссийская Толстовская олимпиада школьников,"Федеральное государственное автономное образовательное учреждение высшего образования ""Национальный исследовательский Томский государственный университет"""
Всероссийская Толстовская олимпиада школьников,"Федеральное государственное автономное образовательное учреждение высшего образования ""Санкт-Петербургский политехнический университет Петра Великого"""
Всероссийская Толстовская олимпиада школьников,"Федеральное государственное автономное образовательное учреждение высшего образования ""Тюменский государственный университет"""
Всероссийская Толстовская олимпиада школьников,"Федеральное государственное бюджетное образовательное учреждение высшего образования ""Пензенский государственный университет"""
Всероссийская Толстовская олимпиада школьников,"Федеральное государственное автономное образовательное учреждение высшего образования ""Южный федеральный университет"""
Всероссийская Толстовская олимпиада школьников,"Федеральное государственное бюджетное образовательное учреждение высшего образования ""Южно-Уральский государственный гуманитарно-педагогический университет"""
Всероссийская Толстовская олимпиада школьников,"Федеральное государственное бюджетное образовательное учреждение высшего образования ""Тульский государственный педагогический университет им. Л.Н. Толстого"""
Всероссийская Толстовская олимпиада школьников,"Федеральное государственное бюджетное образовательное учреждение высшего образования ""Алтайский государственный университет"""
Всероссийская Толстовская олимпиада школьников,"Федеральное государственное автономное образовательное учреждение высшего образования ""Белгородский государственный национальный исследовательский университет"""
Всероссийская Толстовская олимпиада школьников,"Государственное образовательное учреждение высшего образования Московской области ""Государственный социально-гуманитарный университет"""
Всероссийская Толстовская олимпиада школьников,"Федеральное государственное бюджетное образовательное учреждение высшего образования ""Рязанский государственный университет имени С.А. Есенина"""
Всероссийская Толстовская олимпиада школьников,"Федеральное государственное автономное образовательное учреждение высшего образования ""Национальный исследовательский Томский государственный университет"""
Всероссийская Толстовская олимпиада школьников,"Федеральное государственное автономное образовательное учреждение высшего образования ""Санкт-Петербургский политехнический университет Петра Великого"""
Всероссийская Толстовская олимпиада школьников,"Федеральное государственное автономное образовательное учреждение высшего образования ""Тюменский государственный университет"""
Всероссийская Толстовская олимпиада школьников,"Федеральное государственное бюджетное образовательное учреждение высшего образования ""Пензенский государственный университет"""
Всероссийская Толстовская олимпиада школьников,"Федеральное государственное автономное образовательное учреждение высшего образования ""Южный федеральный университет"""
Всероссийская Толстовская олимпиада школьников,"Федеральное государственное бюджетное образовательное учреждение высшего образования ""Южно-Уральский государственный гуманитарно-педагогический университет"""
"Всероссийский конкурс научных работ школьников ""Юниор""","Федеральное государственное автономное образовательное учреждение высшего образования ""Национальный исследовательский ядерный университет ""МИФИ"""
Всесибирская открытая олимпиада школьников,Министерство образования Новосибирской области
Всесибирская открытая олимпиада школьников,"Федеральное государственное автономное образовательное учреждение высшего образования ""Новосибирский национальный исследовательский государственный университет"""
Вузовско-академическая олимпиада по информатике,"Федеральное государственное автономное образовательное учреждение высшего образования ""Уральский федеральный университет имени первого Президента России Б.Н. Ельцина"""
Герценовская олимпиада школьников,"Федеральное государственное бюджетное образовательное учреждение высшего образования ""Российский государственный педагогический университет им. А.И. Герцена"""
Герценовская олимпиада школьников,"Федеральное государственное автономное образовательное учреждение высшего образования ""Государственный университет просвещения"""
Герценовская олимпиада школьников,"Федеральное государственное бюджетное образовательное учреждение высшего образования ""Глазовский государственный инженерно-педагогический университет имени В.Г. Короленко"""
Герценовская олимпиада школьников,"Федеральное государственное бюджетное образовательное учреждение высшего образования ""Красноярский государственный педагогический университет им. В.П. Астафьева"""
Герценовская олимпиада школьников,"Федеральное государственное автономное образовательное учреждение высшего образования ""Северо-Восточный федеральный университет имени М.К. Аммосова"""
Герценовская олимпиада школьников,"Федеральное государственное бюджетное образовательное учреждение высшего образования ""Пензенский государственный университет"""
Герценовская олимпиада школьников,"Федеральное государственное бюджетное образовательное учреждение высшего образования ""Южно-Уральский государственный гуманитарно-педагогический университет"""
Герценовская олимпиада школьников,"Федеральное государственное бюджетное образовательное учреждение высшего образования ""Алтайский государственный университет"""
Герценовская олимпиада школьников,"Федеральное государственное бюджетное образовательное учреждение высшего образования ""Омский государственный педагогический университет"""
Герценовская олимпиада школьников,"Федеральное государственное бюджетное образовательное учреждение высшего образования ""Томский государственный педагогический университет"""
Герценовская олимпиада школьников,"Федеральное государственное бюджетное образовательное учреждение высшего образования ""Российский государственный педагогический университет им. А.И. Герцена"""
Городская открытая олимпиада школьников по физике,Комитет по образованию Санкт-Петербурга
Городская открытая олимпиада школьников по физике,"Федеральное государственное бюджетное образовательное учреждение высшего образования ""Санкт-Петербургский государственный университет"""
Городская открытая олимпиада школьников по физике,"Федеральное государственное автономное образовательное учреждение высшего образования ""Санкт-Петербургский государственный электротехнический университет ""ЛЭТИ"" им. В.И. Ульянова (Ленина)"""
Инженерная олимпиада школьников,"Федеральное государственное автономное образовательное учреждение высшего образования ""Национальный исследовательский ядерный университет ""МИФИ"""
Инженерная олимпиада школьников,"Федеральное государственное автономное образовательное учреждение высшего образования ""Российский университет транспорта"""
Инженерная олимпиада школьников,"Федеральное государственное бюджетное образовательное учреждение высшего образования ""Нижегородский государственный технический университет им. Р.Е. Алексеева"""
Инженерная олимпиада школьников,"Федеральное государственное автономное образовательное учреждение высшего образования ""Уральский федеральный университет имени первого Президента России Б.Н. Ельцина"""
Инженерная олимпиада школьников,"Федеральное государственное автономное образовательное учреждение высшего образования ""Санкт-Петербургский государственный электротехнический университет ""ЛЭТИ"" им. В.И. Ульянова (Ленина)"""
Инженерная олимпиада школьников,"Федеральное государственное бюджетное образовательное учреждение высшего образования ""Владимирский государственный университет имени Александра Григорьевича и Николая Григорьевича Столетовых"""
Инженерная олимпиада школьников,"Федеральное государственное бюджетное образовательное учреждение высшего образования ""Белгородский государственный технологический университет им. В.Г. Шухова"""
Интернет-олимпиада школьников по физике,"Федеральное государственное бюджетное образовательное учреждение высшего образования ""Санкт-Петербургский государственный университет"""
Интернет-олимпиада школьников по физике,"Федеральное государственное автономное образовательное учреждение высшего образования ""Национальный исследовательский университет ИТМО"""
Интернет-олимпиада школьников по физике,"Федеральное государственное автономное образовательное учреждение высшего образования ""Южный федеральный университет"""
Кутафинская олимпиада школьников по праву,"Федеральное государственное автономное образовательное учреждение высшего образования ""Московский государственный юридический университет имени О.Е. Кутафина (МГЮА)"""
Кутафинская олимпиада школьников по праву,"Федеральное государственное автономное образовательное учреждение высшего образования ""Южный федеральный университет"""
Кутафинская олимпиада школьников по праву,"Федеральное государственное бюджетное образовательное учреждение высшего образования ""Юго-западный государственный университет"""
Международная музыкальная олимпиада,"Федеральное государственное бюджетное образовательное учреждение высшего образования ""Нижегородская государственная консерватория им. М.И. Глинки"""
"Международная олимпиада ""Innopolis Open""","Автономная некоммерческая организация высшего образования ""Университет Иннополис"""
Международная олимпиада по финансовой безопасности,Министерство науки и высшего образования Российской Федерации
Международная олимпиада по финансовой безопасности,Министерство просвещения Российской Федерации
Международная олимпиада по финансовой безопасности,"Федеральное государственное бюджетное образовательное учреждение высшего образования ""Государственный университет управления"""
Международная олимпиада по финансовой безопасности,"Федеральное государственное бюджетное образовательное учреждение высшего образования ""Дипломатическая академия Министерства иностранных дел Российской Федерации"""
Международная олимпиада по финансовой безопасности,"Федеральное государственное автономное образовательное учреждение высшего образования ""Крымский федеральный университет имени В.И. Вернадского"""
Международная олимпиада по финансовой безопасности,"Аккредитованное образовательное частное учреждение высшего образования ""Московский финансово-юридический университет МФЮА"""
Международная олимпиада по финансовой безопасности,"Федеральное государственное автономное образовательное учреждение высшего образования ""Национальный исследовательский ядерный университет ""МИФИ"""
Международная олимпиада по финансовой безопасности,"Федеральное государственное автономное образовательное учреждение высшего образования ""Национальный исследовательский Нижегородский государственный университет им. Н.И. Лобачевского"""
Международная олимпиада по финансовой безопасности,"Федеральное государственное автономное образовательное учреждение высшего образования ""Национальный исследовательский университет ""Высшая школа экономики"""
Международная олимпиада по финансовой безопасности,"Федеральное государственное казенное образовательное учреждение высшего образования ""Нижегородская академия Министерства внутренних дел Российской Федерации"""
Международная олимпиада по финансовой безопасности,"Федеральное государственное бюджетное образовательное учреждение высшего образования ""Новгородский государственный университет имени Ярослава Мудрого"""
Международная олимпиада по финансовой безопасности,"Федеральное государственное бюджетное образовательное учреждение высшего образования ""Новосибирский государственный технический университет"""
Международная олимпиада по финансовой безопасности,"Федеральное государственное бюджетное образовательное учреждение высшего образования ""Новосибирский государственный университет экономики и управления ""НИНХ"""
Международная олимпиада по финансовой безопасности,"Федеральное государственное бюджетное образовательное учреждение высшего образования ""Орловский государственный университет имени И.С. Тургенева"""
Международная олимпиада по финансовой безопасности,"Федеральное государственное автономное образовательное учреждение высшего образования ""Российский университет дружбы народов имени Патриса Лумумбы"""
Международная олимпиада по финансовой безопасности,"Федеральное государственное бюджетное образовательное учреждение высшего образования ""Российский экономический университет имени Г.В. Плеханова"""
Международная олимпиада по финансовой безопасности,"Федеральное государственное бюджетное образовательное учреждение высшего образования ""Ростовский государственный экономический университет (РИНХ)"""
Международная олимпиада по финансовой безопасности,"Федеральное государственное бюджетное образовательное учреждение высшего образования ""Санкт-Петербургский государственный экономический университет"""
Международная олимпиада по финансовой безопасности,"Федеральное государственное автономное образовательное учреждение высшего образования ""Санкт-Петербургский политехнический университет Петра Великого"""
Международная олимпиада по финансовой безопасности,"Федеральное государственное автономное образовательное учреждение высшего образования ""Севастопольский государственный университет"""
Международная олимпиада по финансовой безопасности,"Федеральное государственное автономное образовательное учреждение высшего образования ""Сибирский федеральный университет"""
Международная олимпиада по финансовой безопасности,"Федеральное государственное бюджетное образовательное учреждение высшего образования ""Ставропольский государственный аграрный университет"""
Международная олимпиада по финансовой безопасности,"Федеральное государственное бюджетное образовательное учреждение высшего образования ""Тихоокеанский государственный университет"""
Международная олимпиада по финансовой безопасности,"Федеральное государственное автономное образовательное учреждение высшего образования ""Тюменский государственный университет"""
Международная олимпиада по финансовой безопасности,"Федеральное государственное бюджетное образовательное учреждение высшего образования ""Уральский государственный юридический университет имени В.Ф. Яковлева"""
Международная олимпиада по финансовой безопасности,"Федеральное государственное автономное образовательное учреждение высшего образования ""Уральский федеральный университет имени первого Президента России Б.Н. Ельцина"""
Международная олимпиада по финансовой безопасности,"Федеральное государственное образовательное бюджетное учреждение высшего образования ""Финансовый университет при Правительстве Российской Федерации"""
Международная олимпиада по финансовой безопасности,"Федеральное государственное автономное образовательное учреждение высшего образования ""Южный федеральный университет"""
Международная олимпиада по финансовой безопасности,"Федеральное государственное автономное образовательное учреждение высшего образования ""Московский государственный юридический университет имени О.Е. Кутафина (МГЮА)"""
"Международная олимпиада школьников ""Евразийская лингвистическая олимпиада""","Федеральное государственное бюджетное образовательное учреждение высшего образования ""Московский государственный лингвистический университет"""
"Международная олимпиада школьников ""Евразийская лингвистическая олимпиада""","Федеральное государственное бюджетное образовательное учреждение высшего образования ""Алтайский государственный педагогический университет"""
"Международная олимпиада школьников ""Евразийская лингвистическая олимпиада""","Федеральное государственное бюджетное образовательное учреждение высшего образования ""Байкальский государственный университет"""
"Международная олимпиада школьников ""Евразийская лингвистическая олимпиада""","Федеральное государственное бюджетное образовательное учреждение высшего образования ""Забайкальский государственный университет"""
"Международная олимпиада школьников ""Евразийская лингвистическая олимпиада""","Федеральное государственное бюджетное образовательное учреждение высшего образования ""Иркутский государственный университет"""
"Международная олимпиада школьников ""Евразийская лингвистическая олимпиада""","Федеральное государственное бюджетное образовательное учреждение высшего образования ""Набережночелнинский государственный педагогический университет"""
"Международная олимпиада школьников ""Евразийская лингвистическая олимпиада""","Федеральное государственное бюджетное образовательное учреждение высшего образования ""Нижегородский государственный лингвистический университет им. Н.А. Добролюбова"""
"Международная олимпиада школьников ""Евразийская лингвистическая олимпиада""","Федеральное государственное автономное образовательное учреждение высшего образования ""Пермский государственный национальный исследовательский университет"""
"Международная олимпиада школьников ""Евразийская лингвистическая олимпиада""","Федеральное государственное бюджетное образовательное учреждение высшего образования ""Пятигорский государственный университет"""
"Международная олимпиада школьников ""Евразийская лингвистическая олимпиада""","Федеральное государственное бюджетное образовательное учреждение высшего образования ""Северо-Восточный государственный университет"""
"Международная олимпиада школьников ""Евразийская лингвистическая олимпиада""","Федеральное государственное автономное образовательное учреждение высшего образования ""Северо-Восточный федеральный университет имени М.К. Аммосова"""
"Международная олимпиада школьников ""Евразийская лингвистическая олимпиада""","Федеральное государственное автономное образовательное учреждение высшего образования ""Новосибирский национальный исследовательский государственный университет"""
"Международная олимпиада школьников ""Евразийская лингвистическая олимпиада""","Федеральное государственное автономное образовательное учреждение высшего образования ""Тюменский государственный университет"""
"Международная олимпиада школьников ""Евразийская лингвистическая олимпиада""","Федеральное государственное бюджетное образовательное учреждение высшего образования ""Челябинский государственный университет"""
"Международная олимпиада школьников ""Искусство графики""","Федеральное государственное автономное образовательное учреждение высшего образования ""Московский политехнический университет"""
"Международная олимпиада школьников Уральского федерального университета ""Изумруд""","Федеральное государственное автономное образовательное учреждение высшего образования ""Уральский федеральный университет имени первого Президента России Б.Н. Ельцина"""
"Международная олимпиада школьников Уральского федерального университета ""Изумруд""",Министерство образования Свердловской области
"Межрегиональная олимпиада по праву ""ФЕМИДА""","Федеральное государственное бюджетное образовательное учреждение высшего образования ""Российский государственный университет правосудия имени В.М. Лебедева"""
"Межрегиональная олимпиада школьников ""Архитектура и искусство"" по комплексу предметов (рисунок, композиция)","Федеральное государственное бюджетное образовательное учреждение высшего образования ""Тюменский индустриальный университет"""
"Межрегиональная олимпиада школьников ""Архитектура и искусство"" по комплексу предметов (рисунок, композиция)",Департамент образования и науки Тюменской области
"Межрегиональная олимпиада школьников ""Будущие исследователи - будущее науки""","Федеральное государственное автономное образовательное учреждение высшего образования ""Национальный исследовательский Нижегородский государственный университет им. Н.И. Лобачевского"""
"Межрегиональная олимпиада школьников ""Будущие исследователи - будущее науки""","Федеральное государственное бюджетное образовательное учреждение высшего образования ""Ярославский государственный медицинский университет"" Министерства здравоохранения Российской Федерации"
"Межрегиональная олимпиада школьников ""Будущие исследователи - будущее науки""","Федеральное государственное бюджетное образовательное учреждение высшего образования ""Пензенский государственный университет"""
"Межрегиональная олимпиада школьников ""Будущие исследователи - будущее науки""","Федеральное государственное бюджетное образовательное учреждение высшего образования ""Сибирский государственный университет науки и технологий имени академика М.Ф. Решетнева"""
"Межрегиональная олимпиада школьников ""Будущие исследователи - будущее науки""","Федеральное государственное автономное образовательное учреждение высшего образования ""Крымский федеральный университет имени В.И. Вернадского"""
"Межрегиональная олимпиада школьников ""Будущие исследователи - будущее науки""","Федеральное государственное бюджетное образовательное учреждение высшего образования ""Оренбургский государственный университет"""
"Межрегиональная олимпиада школьников ""Будущие исследователи - будущее науки""","Федеральное государственное бюджетное образовательное учреждение высшего образования ""Алтайский государственный университет"""
"Межрегиональная олимпиада школьников ""Будущие исследователи - будущее науки""","Федеральное государственное автономное образовательное учреждение высшего образования ""Национальный исследовательский Томский государственный университет"""
"Межрегиональная олимпиада школьников ""Будущие исследователи - будущее науки""","Федеральное государственное автономное образовательное учреждение высшего образования ""Национальный исследовательский Нижегородский государственный университет им. Н.И. Лобачевского"""
"Межрегиональная олимпиада школьников ""Будущие исследователи - будущее науки""","Федеральное государственное бюджетное образовательное учреждение высшего образования ""Пензенский государственный университет"""
"Межрегиональная олимпиада школьников ""Будущие исследователи - будущее науки""","Федеральное государственное бюджетное образовательное учреждение высшего образования ""Алтайский государственный университет"""
"Межрегиональная олимпиада школьников ""Будущие исследователи - будущее науки""","Федеральное государственное бюджетное образовательное учреждение высшего образования ""Казанский государственный энергетический университет"""
"Межрегиональная олимпиада школьников ""Будущие исследователи - будущее науки""","Федеральное государственное бюджетное образовательное учреждение высшего образования ""Сибирский государственный университет науки и технологий имени академика М.Ф. Решетнева"""
"Межрегиональная олимпиада школьников ""Будущие исследователи - будущее науки""","Федеральное государственное автономное образовательное учреждение высшего образования ""Крымский федеральный университет имени В.И. Вернадского"""
"Межрегиональная олимпиада школьников ""Будущие исследователи - будущее науки""","Федеральное государственное автономное образовательное учреждение высшего образования ""Национальный исследовательский Нижегородский государственный университет им. Н.И. Лобачевского"""
"Межрегиональная олимпиада школьников ""Будущие исследователи - будущее науки""","Федеральное государственное бюджетное образовательное учреждение высшего образования ""Белгородский государственный технологический университет им. В.Г. Шухова"""
"Межрегиональная олимпиада школьников ""Будущие исследователи - будущее науки""","Федеральное государственное бюджетное образовательное учреждение высшего образования ""Пензенский государственный университет"""
"Межрегиональная олимпиада школьников ""Будущие исследователи - будущее науки""","Федеральное государственное автономное образовательное учреждение высшего образования ""Крымский федеральный университет имени В.И. Вернадского"""
"Межрегиональная олимпиада школьников ""Будущие исследователи - будущее науки""","Федеральное государственное бюджетное образовательное учреждение высшего образования ""Алтайский государственный университет"""
"Межрегиональная олимпиада школьников ""Будущие исследователи - будущее науки""","Федеральное государственное автономное образовательное учреждение высшего образования ""Национальный исследовательский Томский государственный университет"""
"Межрегиональная олимпиада школьников ""Будущие исследователи - будущее науки""","Федеральное государственное бюджетное образовательное учреждение высшего образования ""Калининградский государственный технический университет"""
"Межрегиональная олимпиада школьников ""Будущие исследователи - будущее науки""","Федеральное государственное бюджетное образовательное учреждение высшего образования ""Сибирский государственный университет науки и технологий имени академика М.Ф. Решетнева"""
"Межрегиональная олимпиада школьников ""Будущие исследователи - будущее науки""","Федеральное государственное бюджетное образовательное учреждение высшего образования ""Казанский государственный энергетический университет"""
"Межрегиональная олимпиада школьников ""Будущие исследователи - будущее науки""","Федеральное государственное автономное образовательное учреждение высшего образования ""Уральский федеральный университет имени первого Президента России Б.Н. Ельцина"""
"Межрегиональная олимпиада школьников ""Будущие исследователи - будущее науки""","Федеральное государственное бюджетное образовательное учреждение высшего образования ""Воронежский государственный университет"""
"Межрегиональная олимпиада школьников ""Будущие исследователи - будущее науки""","Федеральное государственное автономное образовательное учреждение высшего образования ""Национальный исследовательский Нижегородский государственный университет им. Н.И. Лобачевского"""
"Межрегиональная олимпиада школьников ""Будущие исследователи - будущее науки""","Федеральное государственное бюджетное образовательное учреждение высшего образования ""Пензенский государственный университет"""
"Межрегиональная олимпиада школьников ""Будущие исследователи - будущее науки""","Федеральное государственное бюджетное образовательное учреждение высшего образования ""Сибирский государственный университет науки и технологий имени академика М.Ф. Решетнева"""
"Межрегиональная олимпиада школьников ""Будущие исследователи - будущее науки""","Федеральное государственное бюджетное образовательное учреждение высшего образования ""Алтайский государственный университет"""
"Межрегиональная олимпиада школьников ""Будущие исследователи - будущее науки""","Федеральное государственное автономное образовательное учреждение высшего образования ""Крымский федеральный университет имени В.И. Вернадского"""
"Межрегиональная олимпиада школьников ""Будущие исследователи - будущее науки""","Федеральное государственное автономное образовательное учреждение высшего образования ""Национальный исследовательский Нижегородский государственный университет им. Н.И. Лобачевского"""
"Межрегиональная олимпиада школьников ""Будущие исследователи - будущее науки""","Федеральное государственное бюджетное образовательное учреждение высшего образования ""Белгородский государственный технологический университет им. В.Г. Шухова"""
"Межрегиональная олимпиада школьников ""Будущие исследователи - будущее науки""","Федеральное государственное бюджетное образовательное учреждение высшего образования ""Пензенский государственный университет"""
"Межрегиональная олимпиада школьников ""Будущие исследователи - будущее науки""","Федеральное государственное автономное образовательное учреждение высшего образования ""Крымский федеральный университет имени В.И. Вернадского"""
"Межрегиональная олимпиада школьников ""Будущие исследователи - будущее науки""","Федеральное государственное бюджетное образовательное учреждение высшего образования ""Оренбургский государственный университет"""
"Межрегиональная олимпиада школьников ""Будущие исследователи - будущее науки""","Федеральное государственное бюджетное образовательное учреждение высшего образования ""Воронежский государственный университет"""
"Межрегиональная олимпиада школьников ""Будущие исследователи - будущее науки""","Федеральное государственное бюджетное образовательное учреждение высшего образования ""Алтайский государственный университет"""
"Межрегиональная олимпиада школьников ""Будущие исследователи - будущее науки""","Федеральное государственное автономное образовательное учреждение высшего образования ""Национальный исследовательский Томский государственный университет"""
"Межрегиональная олимпиада школьников ""Будущие исследователи - будущее науки""","Федеральное государственное бюджетное образовательное учреждение высшего образования ""Калининградский государственный технический университет"""
"Межрегиональная олимпиада школьников ""Будущие исследователи - будущее науки""","Федеральное государственное автономное образовательное учреждение высшего образования ""Уральский федеральный университет имени первого Президента России Б.Н. Ельцина"""
"Межрегиональная олимпиада школьников ""Будущие исследователи - будущее науки""","Федеральное государственное бюджетное образовательное учреждение высшего образования ""Казанский государственный энергетический университет"""
"Межрегиональная олимпиада школьников ""Будущие исследователи - будущее науки""","Федеральное государственное автономное образовательное учреждение высшего образования ""Национальный исследовательский Нижегородский государственный университет им. Н.И. Лобачевского"""
"Межрегиональная олимпиада школьников ""Будущие исследователи - будущее науки""","Федеральное государственное бюджетное образовательное учреждение высшего образования ""Ярославский государственный медицинский университет"" Министерства здравоохранения Российской Федерации"
"Межрегиональная олимпиада школьников ""Будущие исследователи - будущее науки""","Федеральное государственное бюджетное образовательное учреждение высшего образования ""Белгородский государственный технологический университет им. В.Г. Шухова"""
"Межрегиональная олимпиада школьников ""Будущие исследователи - будущее науки""","Федеральное государственное бюджетное образовательное учреждение высшего образования ""Пензенский государственный университет"""
"Межрегиональная олимпиада школьников ""Будущие исследователи - будущее науки""","Федеральное государственное бюджетное образовательное учреждение высшего образования ""Сибирский государственный университет науки и технологий имени академика М.Ф. Решетнева"""
"Межрегиональная олимпиада школьников ""Будущие исследователи - будущее науки""","Федеральное государственное автономное образовательное учреждение высшего образования ""Крымский федеральный университет имени В.И. Вернадского"""
"Межрегиональная олимпиада школьников ""Будущие исследователи - будущее науки""","Федеральное государственное бюджетное образовательное учреждение высшего образования ""Оренбургский государственный университет"""
"Межрегиональная олимпиада школьников ""Будущие исследователи - будущее науки""","Федеральное государственное автономное образовательное учреждение высшего образования ""Национальный исследовательский Томский государственный университет"""
"Межрегиональная олимпиада школьников ""Будущие исследователи - будущее науки""","Федеральное государственное бюджетное образовательное учреждение высшего образования ""Алтайский государственный университет"""
"Межрегиональная олимпиада школьников ""Будущие исследователи - будущее науки""","Федеральное государственное бюджетное образовательное учреждение высшего образования ""Калининградский государственный технический университет"""
"Межрегиональная олимпиада школьников ""Будущие исследователи - будущее науки""","Федеральное государственное автономное образовательное учреждение высшего образования ""Уральский федеральный университет имени первого Президента России Б.Н. Ельцина"""
Межрегиональная олимпиада школьников имени В.Е. Татлина,"Федеральное государственное бюджетное образовательное учреждение высшего образования ""Пензенский государственный университет архитектуры и строительства"""
Межрегиональная олимпиада школьников имени В.Е. Татлина,"Федеральное государственное бюджетное образовательное учреждение высшего образования ""Юго-Западный государственный университет"""
Межрегиональная олимпиада школьников имени В.Е. Татлина,"Государственное бюджетное образовательное учреждение Астраханской области высшего образования ""Астраханский государственный архитектурно-строительный университет"""
Межрегиональная олимпиада школьников имени В.Е. Татлина,"Федеральное государственное бюджетное образовательное учреждение высшего образования ""Ивановский государственный политехнический университет"""
Межрегиональная олимпиада школьников имени В.Е. Татлина,"Федеральное государственное автономное образовательное учреждение высшего образования ""Северо-Кавказский федеральный университет"""
Межрегиональная олимпиада школьников имени И.Я. Верченко,"Федеральное государственное казенное образовательное учреждение высшего образования ""Академия Федеральной службы безопасности Российской Федерации"""
Межрегиональная олимпиада школьников имени И.Я. Верченко,"Ордена Трудового Красного Знамени федеральное государственное бюджетное образовательное учреждение высшего образования ""Московский технический университет связи и информатики"""
Межрегиональная олимпиада школьников на базе ведомственных образовательных организаций,"Федеральное государственное казенное образовательное учреждение высшего образования ""Академия Федеральной службы безопасности Российской Федерации"""
Межрегиональная химическая олимпиада школьников имени академика П.Д. Саркисова,"Федеральное государственное бюджетное образовательное учреждение высшего образования ""Российский химико-технологический университет имени Д.И. Менделеева"""
Межрегиональная химическая олимпиада школьников имени академика П.Д. Саркисова,"Федеральное государственное автономное образовательное учреждение высшего образования ""Российский государственный университет нефти и газа (национальный исследовательский университет) имени И.М. Губкина"""
"Межрегиональные предметные олимпиады федерального государственного автономного образовательного учреждения высшего образования ""Казанский (Приволжский) федеральный университет""","Федеральное государственное автономное образовательное учреждение высшего образования ""Казанский (Приволжский) федеральный университет"""
"Многопредметная олимпиада ""Юные таланты""","Федеральное государственное автономное образовательное учреждение высшего образования ""Пермский государственный национальный исследовательский университет"""
"Многопредметная олимпиада ""Юные таланты""","Федеральное государственное автономное образовательное учреждение высшего образования ""Пермский государственный национальный исследовательский университет"""
"Многопредметная олимпиада ""Юные таланты""",Министерство образования и науки Пермского края
"Многопредметная олимпиада ""Юные таланты""","Федеральное государственное автономное образовательное учреждение высшего образования ""Пермский государственный национальный исследовательский университет"""
"Многопредметная олимпиада ""Юные таланты""",Министерство образования и науки Пермского края
"Многопредметная олимпиада ""Юные таланты""","Федеральное государственное бюджетное образовательное учреждение высшего образования ""Национальный исследовательский Мордовский государственный университет им. Н.П. Огарева"""
"Многопредметная олимпиада ""Юные таланты""","Федеральное государственное автономное образовательное учреждение высшего образования ""Самарский национальный исследовательский университет имени академика С.П. Королева"""
"Многопредметная олимпиада ""Юные таланты""","Федеральное государственное бюджетное образовательное учреждение высшего образования ""Сибирский государственный университет науки и технологий имени академика М.Ф. Решетнева"""
"Многопрофильная инженерная олимпиада ""Звезда""",Министерство науки и высшего образования Российской Федерации
"Многопрофильная инженерная олимпиада ""Звезда""",Министерство образования и науки Мурманской области
"Многопрофильная инженерная олимпиада ""Звезда""",Министерство образования Оренбургской области
"Многопрофильная инженерная олимпиада ""Звезда""",Министерство образования Тульской области
"Многопрофильная инженерная олимпиада ""Звезда""",Министерство образования и науки Челябинской области
"Многопрофильная инженерная олимпиада ""Звезда""","Федеральное агентство по делам Содружества Независимых Государств, соотечественников, проживающих за рубежом, и по международному гуманитарному сотрудничеству"
"Многопрофильная инженерная олимпиада ""Звезда""",Министерство образования и науки Республики Бурятия
"Многопрофильная инженерная олимпиада ""Звезда""","Федеральное государственное бюджетное образовательное учреждение высшего образования ""Алтайский государственный технический университет им. И.И. Ползунова"""
"Многопрофильная инженерная олимпиада ""Звезда""","Федеральное государственное бюджетное образовательное учреждение высшего образования ""Амурский государственный университет"""
"Многопрофильная инженерная олимпиада ""Звезда""","Федеральное государственное бюджетное образовательное учреждение высшего образования ""Государственный университет морского и речного флота имени адмирала С.О. Макарова"""
"Многопрофильная инженерная олимпиада ""Звезда""","Федеральное государственное автономное образовательное учреждение высшего образования ""Северный (Арктический) федеральный университет имени М.В. Ломоносова"""
"Многопрофильная инженерная олимпиада ""Звезда""","Федеральное государственное бюджетное образовательное учреждение высшего образования ""Белгородский государственный технологический университет им. В.Г. Шухова"""
"Многопрофильная инженерная олимпиада ""Звезда""","Федеральное государственное бюджетное образовательное учреждение высшего образования ""Ковровская государственная технологическая академия имени В.А. Дегтярева"""
"Многопрофильная инженерная олимпиада ""Звезда""","Федеральное государственное бюджетное образовательное учреждение высшего образования ""Владимирский государственный университет имени Александра Григорьевича и Николая Григорьевича Столетовых"""
"Многопрофильная инженерная олимпиада ""Звезда""","Федеральное государственное бюджетное образовательное учреждение высшего образования ""Волгоградский государственный технический университет"""
"Многопрофильная инженерная олимпиада ""Звезда""","Федеральное государственное бюджетное образовательное учреждение высшего образования ""Воронежский государственный технический университет"""
"Многопрофильная инженерная олимпиада ""Звезда""","Федеральное государственное бюджетное образовательное учреждение высшего образования ""Воронежский государственный университет"""
"Многопрофильная инженерная олимпиада ""Звезда""","Федеральное государственное автономное образовательное учреждение высшего образования ""Национальный исследовательский технологический университет ""МИСИС"""
"Многопрофильная инженерная олимпиада ""Звезда""","Федеральное государственное бюджетное образовательное учреждение высшего образования ""МИРЭА - Российский технологический университет"""
"Многопрофильная инженерная олимпиада ""Звезда""","Федеральное государственное бюджетное образовательное учреждение высшего образования ""Московский авиационный институт (национальный исследовательский университет)"""
"Многопрофильная инженерная олимпиада ""Звезда""","Федеральное государственное автономное образовательное учреждение высшего образования ""Московский государственный технологический университет ""СТАНКИН"""
"Многопрофильная инженерная олимпиада ""Звезда""","Федеральное государственное бюджетное образовательное учреждение высшего образования ""Санкт-Петербургский государственный морской технический университет"""
"Многопрофильная инженерная олимпиада ""Звезда""","Федеральное государственное автономное образовательное учреждение высшего образования ""Санкт-Петербургский политехнический университет Петра Великого"""
"Многопрофильная инженерная олимпиада ""Звезда""","Федеральное государственное автономное образовательное учреждение высшего образования ""Севастопольский государственный университет"""
"Многопрофильная инженерная олимпиада ""Звезда""","Федеральное государственное бюджетное образовательное учреждение высшего образования ""Ивановский государственный политехнический университет"""
"Многопрофильная инженерная олимпиада ""Звезда""","Федеральное государственное бюджетное образовательное учреждение высшего образования ""Московский государственный технический университет гражданской авиации"" (МГТУ ГА)"
"Многопрофильная инженерная олимпиада ""Звезда""","Федеральное государственное бюджетное образовательное учреждение высшего образования ""Иркутский национальный исследовательский технический университет"""
"Многопрофильная инженерная олимпиада ""Звезда""","Федеральное государственное бюджетное образовательное учреждение высшего образования ""Калининградский государственный технический университет"""
"Многопрофильная инженерная олимпиада ""Звезда""","Федеральное государственное бюджетное образовательное учреждение высшего образования ""Кубанский государственный технологический университет"""
"Многопрофильная инженерная олимпиада ""Звезда""","Федеральное государственное бюджетное образовательное учреждение высшего образования ""Сибирский государственный университет науки и технологий имени академика М.Ф. Решетнева"""
"Многопрофильная инженерная олимпиада ""Звезда""","Федеральное государственное бюджетное образовательное учреждение высшего образования ""Юго-Западный государственный университет"""
"Многопрофильная инженерная олимпиада ""Звезда""","Федеральное государственное бюджетное образовательное учреждение высшего образования ""Донбасский государственный технический университет"""
"Многопрофильная инженерная олимпиада ""Звезда""","Федеральное государственное бюджетное образовательное учреждение высшего образования ""Университет ""Дубна"""
"Многопрофильная инженерная олимпиада ""Звезда""","Федеральное государственное бюджетное образовательное учреждение высшего образования ""Технологический университет имени дважды Героя Советского Союза, летчика-космонавта А.А. Леонова"""
"Многопрофильная инженерная олимпиада ""Звезда""","Федеральное государственное автономное образовательное учреждение высшего образования ""Мурманский арктический университет"""
"Многопрофильная инженерная олимпиада ""Звезда""","Федеральное государственное бюджетное образовательное учреждение высшего образования ""Нижегородский государственный технический университет им. Р.Е. Алексеева"""
"Многопрофильная инженерная олимпиада ""Звезда""","Федеральное государственное бюджетное образовательное учреждение высшего образования ""Новосибирский государственный технический университет"""
"Многопрофильная инженерная олимпиада ""Звезда""","Федеральное государственное автономное образовательное учреждение высшего образования ""Омский государственный технический университет"""
"Многопрофильная инженерная олимпиада ""Звезда""","Федеральное государственное бюджетное образовательное учреждение высшего образования ""Оренбургский государственный университет"""
"Многопрофильная инженерная олимпиада ""Звезда""","Федеральное государственное бюджетное образовательное учреждение высшего образования ""Орловский государственный университет имени И.С. Тургенева"""
"Многопрофильная инженерная олимпиада ""Звезда""","Федеральное государственное бюджетное образовательное учреждение высшего образования ""Пензенский государственный технологический университет"""
"Многопрофильная инженерная олимпиада ""Звезда""","Федеральное государственное автономное образовательное учреждение высшего образования ""Пермский национальный исследовательский политехнический университет"""
"Многопрофильная инженерная олимпиада ""Звезда""","Федеральное государственное автономное образовательное учреждение высшего образования ""Дальневосточный федеральный университет"""
"Многопрофильная инженерная олимпиада ""Звезда""","Федеральное государственное бюджетное образовательное учреждение высшего образования ""Псковский государственный университет"""
"Многопрофильная инженерная олимпиада ""Звезда""","Федеральное государственное бюджетное образовательное учреждение высшего образования ""Уфимский университет науки и технологий"""
"Многопрофильная инженерная олимпиада ""Звезда""","Федеральное государственное бюджетное образовательное учреждение высшего образования ""Дагестанский государственный университет"""
"Многопрофильная инженерная олимпиада ""Звезда""","Федеральное государственное бюджетное образовательное учреждение высшего образования ""Петрозаводский государственный университет"""
"Многопрофильная инженерная олимпиада ""Звезда""","Федеральное государственное автономное образовательное учреждение высшего образования ""Северо-Восточный федеральный университет имени М.К. Аммосова"""
"Многопрофильная инженерная олимпиада ""Звезда""","Федеральное государственное бюджетное образовательное учреждение высшего образования ""Северо-Кавказский горно-металлургический институт (государственный технологический университет)"""
"Многопрофильная инженерная олимпиада ""Звезда""","Федеральное государственное бюджетное образовательное учреждение высшего образования ""Казанский национальный исследовательский технический университет им. А.Н. Туполева - КАИ"""
"Многопрофильная инженерная олимпиада ""Звезда""","Федеральное государственное автономное образовательное учреждение высшего образования ""Южный федеральный университет"""
"Многопрофильная инженерная олимпиада ""Звезда""","Федеральное государственное бюджетное образовательное учреждение высшего образования ""Донской государственный технический университет"""
"Многопрофильная инженерная олимпиада ""Звезда""","Федеральное государственное бюджетное образовательное учреждение высшего образования ""Южно-Российский государственный политехнический университет (НПИ) имени М.И. Платова"""
"Многопрофильная инженерная олимпиада ""Звезда""","Федеральное государственное автономное образовательное учреждение высшего образования ""Самарский национальный исследовательский университет имени академика С.П. Королева"""
"Многопрофильная инженерная олимпиада ""Звезда""","Федеральное государственное бюджетное образовательное учреждение высшего образования ""Самарский государственный технический университет"""
"Многопрофильная инженерная олимпиада ""Звезда""","Федеральное государственное бюджетное образовательное учреждение высшего образования ""Тольяттинский государственный университет"""
"Многопрофильная инженерная олимпиада ""Звезда""","Федеральное государственное бюджетное образовательное учреждение высшего образования ""Саратовский государственный технический университет имени Гагарина Ю.А."""
"Многопрофильная инженерная олимпиада ""Звезда""","Федеральное государственное бюджетное образовательное учреждение высшего образования ""Тамбовский государственный технический университет"""
"Многопрофильная инженерная олимпиада ""Звезда""","Федеральное государственное бюджетное образовательное учреждение высшего образования ""Тверской государственный университет"""
"Многопрофильная инженерная олимпиада ""Звезда""","Федеральное государственное автономное образовательное учреждение высшего образования ""Национальный исследовательский Томский политехнический университет"""
"Многопрофильная инженерная олимпиада ""Звезда""","Федеральное государственное бюджетное образовательное учреждение высшего образования ""Тульский государственный педагогический университет им. Л.Н. Толстого"""
"Многопрофильная инженерная олимпиада ""Звезда""","Федеральное государственное бюджетное образовательное учреждение высшего образования ""Ижевский государственный технический университет имени М.Т. Калашникова"""
"Многопрофильная инженерная олимпиада ""Звезда""","Федеральное государственное бюджетное образовательное учреждение высшего образования ""Ульяновский государственный технический университет"""
"Многопрофильная инженерная олимпиада ""Звезда""","Федеральное государственное бюджетное образовательное учреждение высшего образования ""Ульяновский государственный университет"""
"Многопрофильная инженерная олимпиада ""Звезда""","Федеральное государственное бюджетное образовательное учреждение высшего образования ""Тихоокеанский государственный университет"""
"Многопрофильная инженерная олимпиада ""Звезда""","Федеральное государственное автономное образовательное учреждение высшего образования ""Южно-Уральский государственный университет (национальный исследовательский университет)"""
"Многопрофильная инженерная олимпиада ""Звезда""","Федеральное государственное бюджетное образовательное учреждение высшего образования ""Ярославский государственный технический университет"""
"Многопрофильная инженерная олимпиада ""Звезда""",Министерство науки и высшего образования Российской Федерации
"Многопрофильная инженерная олимпиада ""Звезда""",Министерство образования и науки Мурманской области
"Многопрофильная инженерная олимпиада ""Звезда""",Министерство образования Оренбургской области
"Многопрофильная инженерная олимпиада ""Звезда""",Министерство образования Тульской области
"Многопрофильная инженерная олимпиада ""Звезда""",Министерство образования и науки Челябинской области
"Многопрофильная инженерная олимпиада ""Звезда""","Федеральное агентство по делам Содружества Независимых Государств, соотечественников, проживающих за рубежом, и по международному гуманитарному сотрудничеству"
"Многопрофильная инженерная олимпиада ""Звезда""",Министерство образования и науки Республики Бурятия
"Многопрофильная инженерная олимпиада ""Звезда""","Федеральное государственное бюджетное образовательное учреждение высшего образования ""Алтайский государственный технический университет им. И.И. Ползунова"""
"Многопрофильная инженерная олимпиада ""Звезда""","Федеральное государственное бюджетное образовательное учреждение высшего образования ""Амурский государственный университет"""
"Многопрофильная инженерная олимпиада ""Звезда""","Федеральное государственное бюджетное образовательное учреждение высшего образования ""Государственный университет морского и речного флота имени адмирала С.О. Макарова"""
"Многопрофильная инженерная олимпиада ""Звезда""","Федеральное государственное автономное образовательное учреждение высшего образования ""Северный (Арктический) федеральный университет имени М.В. Ломоносова"""
"Многопрофильная инженерная олимпиада ""Звезда""","Федеральное государственное бюджетное образовательное учреждение высшего образования ""Белгородский государственный технологический университет им. В.Г. Шухова"""
"Многопрофильная инженерная олимпиада ""Звезда""","Федеральное государственное бюджетное образовательное учреждение высшего образования ""Ковровская государственная технологическая академия имени В.А. Дегтярева"""
"Многопрофильная инженерная олимпиада ""Звезда""","Федеральное государственное бюджетное образовательное учреждение высшего образования ""Владимирский государственный университет имени Александра Григорьевича и Николая Григорьевича Столетовых"""
"Многопрофильная инженерная олимпиада ""Звезда""","Федеральное государственное бюджетное образовательное учреждение высшего образования ""Волгоградский государственный технический университет"""
"Многопрофильная инженерная олимпиада ""Звезда""","Федеральное государственное бюджетное образовательное учреждение высшего образования ""Воронежский государственный технический университет"""
"Многопрофильная инженерная олимпиада ""Звезда""","Федеральное государственное бюджетное образовательное учреждение высшего образования ""Воронежский государственный университет"""
"Многопрофильная инженерная олимпиада ""Звезда""","Федеральное государственное автономное образовательное учреждение высшего образования ""Национальный исследовательский технологический университет ""МИСИС"""
"Многопрофильная инженерная олимпиада ""Звезда""","Федеральное государственное бюджетное образовательное учреждение высшего образования ""МИРЭА - Российский технологический университет"""
"Многопрофильная инженерная олимпиада ""Звезда""","Федеральное государственное бюджетное образовательное учреждение высшего образования ""Московский авиационный институт (национальный исследовательский университет)"""
"Многопрофильная инженерная олимпиада ""Звезда""","Федеральное государственное автономное образовательное учреждение высшего образования ""Московский государственный технологический университет ""СТАНКИН"""
"Многопрофильная инженерная олимпиада ""Звезда""","Федеральное государственное бюджетное образовательное учреждение высшего образования ""Санкт-Петербургский государственный морской технический университет"""
"Многопрофильная инженерная олимпиада ""Звезда""","Федеральное государственное автономное образовательное учреждение высшего образования ""Санкт-Петербургский политехнический университет Петра Великого"""
"Многопрофильная инженерная олимпиада ""Звезда""","Федеральное государственное автономное образовательное учреждение высшего образования ""Севастопольский государственный университет"""
"Многопрофильная инженерная олимпиада ""Звезда""","Федеральное государственное бюджетное образовательное учреждение высшего образования ""Ивановский государственный политехнический университет"""
"Многопрофильная инженерная олимпиада ""Звезда""","Федеральное государственное бюджетное образовательное учреждение высшего образования ""Московский государственный технический университет гражданской авиации"" (МГТУ ГА)"
"Многопрофильная инженерная олимпиада ""Звезда""","Федеральное государственное бюджетное образовательное учреждение высшего образования ""Иркутский национальный исследовательский технический университет"""
"Многопрофильная инженерная олимпиада ""Звезда""","Федеральное государственное бюджетное образовательное учреждение высшего образования ""Калининградский государственный технический университет"""
"Многопрофильная инженерная олимпиада ""Звезда""","Федеральное государственное бюджетное образовательное учреждение высшего образования ""Кубанский государственный технологический университет"""
"Многопрофильная инженерная олимпиада ""Звезда""","Федеральное государственное бюджетное образовательное учреждение высшего образования ""Сибирский государственный университет науки и технологий имени академика М.Ф. Решетнева"""
"Многопрофильная инженерная олимпиада ""Звезда""","Федеральное государственное бюджетное образовательное учреждение высшего образования ""Юго-Западный государственный университет"""
"Многопрофильная инженерная олимпиада ""Звезда""","Федеральное государственное бюджетное образовательное учреждение высшего образования ""Донбасский государственный технический университет"""
"Многопрофильная инженерная олимпиада ""Звезда""","Федеральное государственное бюджетное образовательное учреждение высшего образования ""Университет ""Дубна"""
"Многопрофильная инженерная олимпиада ""Звезда""","Федеральное государственное бюджетное образовательное учреждение высшего образования ""Технологический университет имени дважды Героя Советского Союза, летчика-космонавта А.А. Леонова"""
"Многопрофильная инженерная олимпиада ""Звезда""","Федеральное государственное автономное образовательное учреждение высшего образования ""Мурманский арктический университет"""
"Многопрофильная инженерная олимпиада ""Звезда""","Федеральное государственное бюджетное образовательное учреждение высшего образования ""Нижегородский государственный технический университет им. Р.Е. Алексеева"""
"Многопрофильная инженерная олимпиада ""Звезда""","Федеральное государственное бюджетное образовательное учреждение высшего образования ""Новосибирский государственный технический университет"""
"Многопрофильная инженерная олимпиада ""Звезда""","Федеральное государственное автономное образовательное учреждение высшего образования ""Омский государственный технический университет"""
"Многопрофильная инженерная олимпиада ""Звезда""","Федеральное государственное бюджетное образовательное учреждение высшего образования ""Оренбургский государственный университет"""
"Многопрофильная инженерная олимпиада ""Звезда""","Федеральное государственное бюджетное образовательное учреждение высшего образования ""Орловский государственный университет имени И.С. Тургенева"""
"Многопрофильная инженерная олимпиада ""Звезда""","Федеральное государственное бюджетное образовательное учреждение высшего образования ""Пензенский государственный технологический университет"""
"Многопрофильная инженерная олимпиада ""Звезда""","Федеральное государственное автономное образовательное учреждение высшего образования ""Пермский национальный исследовательский политехнический университет"""
"Многопрофильная инженерная олимпиада ""Звезда""","Федеральное государственное автономное образовательное учреждение высшего образования ""Дальневосточный федеральный университет"""
"Многопрофильная инженерная олимпиада ""Звезда""","Федеральное государственное бюджетное образовательное учреждение высшего образования ""Псковский государственный университет"""
"Многопрофильная инженерная олимпиада ""Звезда""","Федеральное государственное бюджетное образовательное учреждение высшего образования ""Уфимский университет науки и технологий"""
"Многопрофильная инженерная олимпиада ""Звезда""","Федеральное государственное бюджетное образовательное учреждение высшего образования ""Дагестанский государственный технический университет"""
"Многопрофильная инженерная олимпиада ""Звезда""","Федеральное государственное бюджетное образовательное учреждение высшего образования ""Петрозаводский государственный университет"""
"Многопрофильная инженерная олимпиада ""Звезда""","Федеральное государственное автономное образовательное учреждение высшего образования ""Северо-Восточный федеральный университет имени М.К. Аммосова"""
"Многопрофильная инженерная олимпиада ""Звезда""","Федеральное государственное бюджетное образовательное учреждение высшего образования ""Северо-Кавказский горно-металлургический институт (государственный технологический университет)"""
"Многопрофильная инженерная олимпиада ""Звезда""","Федеральное государственное бюджетное образовательное учреждение высшего образования ""Казанский национальный исследовательский технический университет им. А.Н. Туполева - КАИ"""
"Многопрофильная инженерная олимпиада ""Звезда""","Федеральное государственное автономное образовательное учреждение высшего образования ""Южный федеральный университет"""
"Многопрофильная инженерная олимпиада ""Звезда""","Федеральное государственное бюджетное образовательное учреждение высшего образования ""Донской государственный технический университет"""
"Многопрофильная инженерная олимпиада ""Звезда""","Федеральное государственное бюджетное образовательное учреждение высшего образования ""Южно-Российский государственный политехнический университет (НПИ) имени М.И. Платова"""
"Многопрофильная инженерная олимпиада ""Звезда""","Федеральное государственное автономное образовательное учреждение высшего образования ""Самарский национальный исследовательский университет имени академика С.П. Королева"""
"Многопрофильная инженерная олимпиада ""Звезда""","Федеральное государственное бюджетное образовательное учреждение высшего образования ""Самарский государственный технический университет"""
"Многопрофильная инженерная олимпиада ""Звезда""","Федеральное государственное бюджетное образовательное учреждение высшего образования ""Тольяттинский государственный университет"""
"Многопрофильная инженерная олимпиада ""Звезда""","Федеральное государственное бюджетное образовательное учреждение высшего образования ""Саратовский государственный технический университет имени Гагарина Ю.А."""
"Многопрофильная инженерная олимпиада ""Звезда""","Федеральное государственное бюджетное образовательное учреждение высшего образования ""Тамбовский государственный технический университет"""
"Многопрофильная инженерная олимпиада ""Звезда""","Федеральное государственное бюджетное образовательное учреждение высшего образования ""Тверской государственный университет"""
"Многопрофильная инженерная олимпиада ""Звезда""","Федеральное государственное автономное образовательное учреждение высшего образования ""Национальный исследовательский Томский политехнический университет"""
"Многопрофильная инженерная олимпиада ""Звезда""","Федеральное государственное бюджетное образовательное учреждение высшего образования ""Тульский государственный университет"""
"Многопрофильная инженерная олимпиада ""Звезда""","Федеральное государственное казенное общеобразовательное учреждение ""Тюменское президентское кадетское училище"""
"Многопрофильная инженерная олимпиада ""Звезда""","Федеральное государственное бюджетное образовательное учреждение высшего образования ""Ижевский государственный технический университет имени М.Т. Калашникова"""
"Многопрофильная инженерная олимпиада ""Звезда""","Федеральное государственное бюджетное образовательное учреждение высшего образования ""Ульяновский государственный технический университет"""
"Многопрофильная инженерная олимпиада ""Звезда""","Федеральное государственное бюджетное образовательное учреждение высшего образования ""Ульяновский государственный университет"""
"Многопрофильная инженерная олимпиада ""Звезда""","Федеральное государственное бюджетное образовательное учреждение высшего образования ""Тихоокеанский государственный университет"""
"Многопрофильная инженерная олимпиада ""Звезда""","Федеральное государственное автономное образовательное учреждение высшего образования ""Южно-Уральский государственный университет (национальный исследовательский университет)"""
"Многопрофильная инженерная олимпиада ""Звезда""","Федеральное государственное бюджетное образовательное учреждение высшего образования ""Ярославский государственный технический университет"""
Московская олимпиада школьников,Департамент образования и науки города Москвы
Московская олимпиада школьников,"Федеральное государственное бюджетное образовательное учреждение высшего образования ""Московский государственный университет имени М.В. Ломоносова"""
Московская олимпиада школьников,Департамент образования и науки города Москвы
Московская олимпиада школьников,"Федеральное государственное бюджетное образовательное учреждение высшего образования ""Московский педагогический государственный университет"""
Московская олимпиада школьников,"Федеральное государственное бюджетное образовательное учреждение высшего образования ""Российская академия живописи, ваяния и зодчества Ильи Глазунова"""
Московская олимпиада школьников,"Федеральное государственное бюджетное образовательное учреждение высшего образования ""Московский государственный академический художественный институт имени В.И. Сурикова при Российской академии художеств"""
Московская олимпиада школьников,Департамент образования и науки города Москвы
Московская олимпиада школьников,"Федеральное государственное бюджетное образовательное учреждение высшего образования ""Московский государственный университет имени М.В. Ломоносова"""
Московская олимпиада школьников,"Федеральное государственное автономное образовательное учреждение высшего образования ""Национальный исследовательский университет ""Высшая школа экономики"""
Московская олимпиада школьников,Департамент образования и науки города Москвы
Московская олимпиада школьников,"Государственное автономное образовательное учреждение высшего образования города Москвы ""Московский городской педагогический университет"""
Московская олимпиада школьников,"Федеральное государственное образовательное бюджетное учреждение высшего образования ""Финансовый университет при Правительстве Российской Федерации"""
Московская олимпиада школьников,Департамент образования и науки города Москвы
Московская олимпиада школьников,Департамент образования и науки города Москвы
Московская олимпиада школьников,"Федеральное государственное бюджетное образовательное учреждение высшего образования ""Московский государственный университет имени М.В. Ломоносова"""
Московская олимпиада школьников,"Федеральное государственное автономное образовательное учреждение высшего образования ""Национальный исследовательский университет ""Высшая школа экономики"""
Московская олимпиада школьников,"Федеральное государственное автономное образовательное учреждение высшего образования ""Российский государственный гуманитарный университет"""
Московская олимпиада школьников,Департамент образования и науки города Москвы
Московская олимпиада школьников,"Федеральное государственное бюджетное образовательное учреждение высшего образования ""Московский государственный университет имени М.В. Ломоносова"""
Московская олимпиада школьников,"Федеральное государственное автономное образовательное учреждение высшего образования ""Национальный исследовательский университет ""Высшая школа экономики"""
Московская олимпиада школьников,"Федеральное государственное автономное образовательное учреждение высшего образования ""Московский физико-технический институт (национальный исследовательский университет)"""
Московская олимпиада школьников,Департамент образования и науки города Москвы
Московская олимпиада школьников,"Государственное автономное образовательное учреждение высшего образования города Москвы ""Московский городской педагогический университет"""
Московская олимпиада школьников,"Федеральное государственное образовательное бюджетное учреждение высшего образования ""Финансовый университет при Правительстве Российской Федерации"""
Московская олимпиада школьников,Департамент образования и науки города Москвы
Московская олимпиада школьников,"Государственное автономное образовательное учреждение высшего образования города Москвы ""Московский городской педагогический университет"""
Московская олимпиада школьников,Департамент образования и науки города Москвы
Московская олимпиада школьников,"Федеральное государственное бюджетное образовательное учреждение высшего образования ""МИРЭА - Российский технологический университет"""
Московская олимпиада школьников,"Федеральное государственное бюджетное образовательное учреждение высшего образования ""Российский экономический университет имени Г.В. Плеханова"""
Московская олимпиада школьников,"Федеральное государственное автономное образовательное учреждение высшего образования ""Московский физико-технический институт (национальный исследовательский университет)"""
Московская олимпиада школьников,"Федеральное государственное автономное образовательное учреждение высшего образования ""Национальный исследовательский ядерный университет ""МИФИ"""
Московская олимпиада школьников,"Федеральное государственное автономное образовательное учреждение высшего образования ""Национальный исследовательский университет ""Московский институт электронной техники"""
Московская олимпиада школьников,"Федеральное государственное автономное образовательное учреждение высшего образования ""Национальный исследовательский университет ""Высшая школа экономики"""
Московская олимпиада школьников,"Федеральное государственное автономное образовательное учреждение высшего образования ""Национальный исследовательский технологический университет ""МИСИС"""
Московская олимпиада школьников,"Федеральное государственное автономное образовательное учреждение высшего образования ""Московский государственный технический университет имени Н.Э. Баумана (национальный исследовательский университет)"""
Московская олимпиада школьников,"Федеральное государственное автономное образовательное учреждение высшего образования ""Российский университет транспорта"""
Московская олимпиада школьников,Департамент образования и науки города Москвы
Московская олимпиада школьников,Министерство просвещения Российской Федерации
Московская олимпиада школьников,"Автономная некоммерческая организация высшего образования ""Университет Иннополис"""
Московская олимпиада школьников,Департамент образования и науки города Москвы
Московская олимпиада школьников,"Федеральное государственное бюджетное образовательное учреждение высшего образования ""Московский государственный университет имени М.В. Ломоносова"""
Московская олимпиада школьников,Департамент образования и науки города Москвы
Московская олимпиада школьников,"Федеральное государственное образовательное бюджетное учреждение высшего образования ""Финансовый университет при Правительстве Российской Федерации"""
Московская олимпиада школьников,Департамент образования и науки города Москвы
Московская олимпиада школьников,"Федеральное государственное бюджетное образовательное учреждение высшего образования ""Московский государственный университет имени М.В. Ломоносова"""
Московская олимпиада школьников,"Федеральное государственное бюджетное образовательное учреждение высшего образования ""Российский химико-технологический университет имени Д.И. Менделеева"""
Московская олимпиада школьников,"Федеральное государственное бюджетное образовательное учреждение высшего образования ""МИРЭА - Российский технологический университет"""
Московская олимпиада школьников,"Федеральное государственное бюджетное образовательное учреждение высшего образования ""Сибирский государственный университет науки и технологий имени академика М.Ф. Решетнева"""
Московская олимпиада школьников,"Федеральное государственное автономное образовательное учреждение высшего образования ""Национальный исследовательский университет ""Высшая школа экономики"""
Московская олимпиада школьников,"Федеральное государственное бюджетное образовательное учреждение высшего образования ""Уфимский государственный нефтяной технический университет"""
Московская олимпиада школьников,"Федеральное государственное бюджетное образовательное учреждение высшего образования ""Казанский национальный исследовательский технический университет им. А.Н. Туполева-КАИ"""
Московская олимпиада школьников,"Федеральное государственное автономное образовательное учреждение высшего образования ""Южный федеральный университет"""
Московская олимпиада школьников,"Федеральное государственное бюджетное образовательное учреждение высшего образования ""Алтайский государственный технический университет им. И.И. Ползунова"""
Московская олимпиада школьников,Департамент образования и науки города Москвы
Московская олимпиада школьников,"Федеральное государственное автономное образовательное учреждение высшего образования ""Московский государственный институт международных отношений (университет) Министерства иностранных дел Российской Федерации"""
Московская олимпиада школьников,"Федеральное государственное автономное образовательное учреждение высшего образования ""Российский университет дружбы народов имени Патриса Лумумбы"""
Московская олимпиада школьников,"Федеральное государственное бюджетное образовательное учреждение высшего образования ""Российский биотехнологический университет (РОСБИОТЕХ)"""
Московская олимпиада школьников,"Федеральное государственное бюджетное образовательное учреждение высшего образования ""Российский экономический университет имени Г.В. Плеханова"""
Московская олимпиада школьников,"Федеральное государственное автономное образовательное учреждение высшего образования ""Национальный исследовательский университет ИТМО"""
Московская олимпиада школьников,Департамент образования и науки города Москвы
Московская олимпиада школьников,"Федеральное государственное автономное образовательное учреждение высшего образования ""Национальный исследовательский университет ""Высшая школа экономики"""
Московская олимпиада школьников,"Негосударственное образовательное учреждение высшего образования ""Российская экономическая школа"" (институт)"
Московская олимпиада школьников,"Федеральное государственное бюджетное образовательное учреждение высшего образования ""Московский государственный университет имени М.В. Ломоносова"""
Московская открытая олимпиада школьников по геологии,"Федеральное государственное бюджетное образовательное учреждение высшего образования ""Московский государственный университет имени М.В. Ломоносова"""
Оборонно-техническая олимпиада,"Федеральное государственное бюджетное образовательное учреждение высшего образования ""Балтийский государственный технический университет ""ВОЕНМЕХ"" им. Д.Ф. Устинова"""
"Общероссийская олимпиада школьников ""Основы православной культуры""","Образовательное частное учреждение высшего образования ""Православный Свято-Тихоновский гуманитарный университет"""
Объединенная межвузовская олимпиада школьников,Департамент образования и науки города Москвы
Объединенная межвузовская олимпиада школьников,Комитет по науке и высшей школе Санкт-Петербурга
Объединенная межвузовская олимпиада школьников,"Федеральное государственное автономное образовательное учреждение высшего образования ""Российский университет транспорта"""
Объединенная межвузовская олимпиада школьников,"Федеральное государственное бюджетное образовательное учреждение высшего образования ""Московский автомобильно-дорожный государственный технический университет (МАДИ)"""
Объединенная межвузовская олимпиада школьников,"Федеральное государственное бюджетное образовательное учреждение высшего образования ""МИРЭА - Российский технологический университет"""
Объединенная межвузовская олимпиада школьников,"Федеральное государственное автономное образовательное учреждение высшего образования ""Российский университет дружбы народов имени Патриса Лумумбы"""
Объединенная межвузовская олимпиада школьников,"Федеральное государственное бюджетное образовательное учреждение высшего образования ""Российский химико-технологический университет имени Д.И. Менделеева"""
Объединенная межвузовская олимпиада школьников,"Федеральное государственное автономное образовательное учреждение высшего образования ""Московский политехнический университет"""
Объединенная межвузовская олимпиада школьников,"Государственное автономное образовательное учреждение высшего образования города Москвы ""Московский городской педагогический университет"""
Объединенная межвузовская олимпиада школьников,"Федеральное государственное бюджетное образовательное учреждение высшего образования ""Национальный исследовательский университет ""МЭИ"""
Объединенная межвузовская олимпиада школьников,"Федеральное государственное бюджетное образовательное учреждение высшего образования ""Московский авиационный институт (национальный исследовательский университет)"""
Объединенная межвузовская олимпиада школьников,"Федеральное государственное бюджетное образовательное учреждение высшего образования ""Московский государственный университет геодезии и картографии"""
Объединенная межвузовская олимпиада школьников,"Федеральное государственное бюджетное образовательное учреждение высшего образования ""Национальный исследовательский Московский государственный строительный университет"""
Объединенная межвузовская олимпиада школьников,"Федеральное государственное бюджетное образовательное учреждение высшего образования ""Университет ""Дубна"""
Объединенная межвузовская олимпиада школьников,"Федеральное государственное автономное образовательное учреждение высшего образования ""Национальный исследовательский ядерный университет ""МИФИ"""
Объединенная межвузовская олимпиада школьников,"Федеральное государственное автономное образовательное учреждение высшего образования ""Московский государственный технологический университет ""СТАНКИН"""
Объединенная межвузовская олимпиада школьников,"Федеральное государственное бюджетное образовательное учреждение высшего образования ""Московский государственный технический университет гражданской авиации"" (МГТУ ГА)"
Объединенная межвузовская олимпиада школьников,"Федеральное государственное автономное образовательное учреждение высшего образования ""Национальный исследовательский технологический университет ""МИСИС"""
Объединенная межвузовская олимпиада школьников,"Федеральное государственное автономное образовательное учреждение высшего образования ""Российский государственный университет нефти и газа (национальный исследовательский университет) имени И.М. Губкина"""
Объединенная межвузовская олимпиада школьников,"Федеральное государственное автономное образовательное учреждение высшего образования ""Национальный исследовательский университет ""Московский институт электронной техники"""
Объединенная межвузовская олимпиада школьников,"Ордена Трудового Красного Знамени федеральное государственное бюджетное образовательное учреждение высшего образования ""Московский технический университет связи и информатики"""
Объединенная межвузовская олимпиада школьников,"Федеральное государственное бюджетное образовательное учреждение высшего образования ""Санкт-Петербургский горный университет императрицы Екатерины II"""
Объединенная межвузовская олимпиада школьников,Федеральное государственное автономное образовательное учреждение высшего
Объединенная межвузовская олимпиада школьников,"образования ""Санкт-Петербургский государственный электротехнический университет ""ЛЭТИ"" им. В.И. Ульянова (Ленина)"""
Объединенная межвузовская олимпиада школьников,"Федеральное государственное автономное образовательное учреждение высшего образования ""Национальный исследовательский университет ИТМО"""
Объединенная межвузовская олимпиада школьников,"Федеральное государственное автономное образовательное учреждение высшего образования ""Санкт-Петербургский государственный университет аэрокосмического приборостроения"""
Объединенная межвузовская олимпиада школьников,"Федеральное государственное автономное образовательное учреждение высшего образования ""Санкт-Петербургский политехнический университет Петра Великого"""
Объединенная межвузовская олимпиада школьников,"Федеральное государственное бюджетное образовательное учреждение высшего образования ""Санкт-Петербургский государственный морской технический университет"""
Объединенная межвузовская олимпиада школьников,"Федеральное государственное бюджетное образовательное учреждение высшего образования ""Нижегородский государственный архитектурно-строительный университет"""
Объединенная межвузовская олимпиада школьников,"Федеральное государственное бюджетное образовательное учреждение высшего образования ""Воронежский государственный технический университет"""
Объединенная межвузовская олимпиада школьников,"Федеральное государственное бюджетное образовательное учреждение высшего образования ""Уфимский университет науки и технологий"""
Объединенная межвузовская олимпиада школьников,"Федеральное государственное автономное образовательное учреждение высшего образования ""Уральский федеральный университет имени первого Президента России Б.Н. Ельцина"""
Объединенная межвузовская олимпиада школьников,"Федеральное государственное бюджетное образовательное учреждение высшего образования ""Алтайский государственный университет"""
Объединенная межвузовская олимпиада школьников,"Федеральное государственное автономное образовательное учреждение высшего образования ""Сибирский федеральный университет"""
Объединенная межвузовская олимпиада школьников,"Федеральное государственное автономное образовательное учреждение высшего образования ""Московский физико-технический институт (национальный исследовательский университет)"""
Объединенная межвузовская олимпиада школьников,"Федеральное государственное бюджетное образовательное учреждение высшего образования ""МИРЭА - Российский технологический университет"""
Объединенная межвузовская олимпиада школьников,"Федеральное государственное автономное образовательное учреждение высшего образования ""Национальный исследовательский технологический университет ""МИСИС"""
Объединенная межвузовская олимпиада школьников,"Федеральное государственное бюджетное образовательное учреждение высшего образования ""Алтайский государственный университет"""
Объединенная межвузовская олимпиада школьников,"Федеральное государственное бюджетное образовательное учреждение высшего образования ""Московский авиационный институт (национальный исследовательский университет)"""
Объединенная межвузовская олимпиада школьников,"Федеральное государственное бюджетное образовательное учреждение высшего образования ""Московский государственный технический университет гражданской авиации"" (МГТУ ГА)"
Объединенная межвузовская олимпиада школьников,"Федеральное государственное автономное образовательное учреждение высшего образования ""Санкт-Петербургский государственный университет аэрокосмического приборостроения"""
Объединенная межвузовская олимпиада школьников,"Федеральное государственное автономное образовательное учреждение высшего образования ""Уральский федеральный университет имени первого Президента России Б.Н. Ельцина"""
Океан знаний,"Федеральное государственное автономное образовательное учреждение высшего образования ""Дальневосточный федеральный университет"""
Олимпиада Курчатов,Департамент образования и науки города Москвы
Олимпиада Курчатов,"Федеральное государственное автономное образовательное учреждение высшего образования ""Московский физико-технический институт (национальный исследовательский университет)"""
Олимпиада Курчатов,"Федеральное государственное автономное образовательное учреждение высшего образования ""Национальный исследовательский ядерный университет ""МИФИ"""
Олимпиада Курчатов,"Федеральное государственное бюджетное образовательное учреждение высшего образования ""МИРЭА - Российский технологический университет"""
Олимпиада МГИМО МИД России для школьников,"Федеральное государственное автономное образовательное учреждение высшего образования ""Московский государственный институт международных отношений (университет) Министерства иностранных дел Российской Федерации"""
"Олимпиада по комплексу предметов ""Культура и искусство""","Федеральное государственное бюджетное образовательное учреждение высшего образования ""Санкт-Петербургский государственный университет промышленных технологий и дизайна"""
"Олимпиада по химии и химической технологии ""Потомки Менделеева""","Федеральное государственное автономное образовательное учреждение высшего образования ""Казанский (Приволжский) федеральный университет"""
"Олимпиада по экономике в рамках международного экономического фестиваля школьников ""Сибириада. Шаг в мечту""",Министерство образования Новосибирской области
"Олимпиада по экономике в рамках международного экономического фестиваля школьников ""Сибириада. Шаг в мечту""","Федеральное государственное автономное образовательное учреждение высшего образования ""Новосибирский национальный исследовательский государственный университет"""
"Олимпиада по экономике в рамках международного экономического фестиваля школьников ""Сибириада. Шаг в мечту""","Федеральное государственное автономное образовательное учреждение высшего образования ""Национальный исследовательский университет ""Высшая школа экономики"""
"Олимпиада по экономике в рамках международного экономического фестиваля школьников ""Сибириада. Шаг в мечту""","Автономная некоммерческая образовательная организация высшего образования Центросоюза Российской Федерации ""Сибирский университет потребительской кооперации"""
Олимпиада РГГУ для школьников,"Федеральное государственное автономное образовательное учреждение высшего образования ""Российский государственный гуманитарный университет"""
"Олимпиада школьников ""Гранит науки""","Федеральное государственное бюджетное образовательное учреждение высшего образования ""Санкт-Петербургский горный университет императрицы Екатерины II"""
"Олимпиада школьников ""Гранит науки""","Федеральное государственное автономное образовательное учреждение высшего образования ""Национальный исследовательский Томский политехнический университет"""
"Олимпиада школьников ""Гранит науки""","Федеральное государственное автономное образовательное учреждение высшего образования ""Балтийский федеральный университет имени Иммануила Канта"""
"Олимпиада школьников ""Гранит науки""","Ордена Трудового Красного Знамени федеральное государственное бюджетное образовательное учреждение высшего образования ""Московский технический университет связи и информатики"""
"Олимпиада школьников ""Гранит науки""","Федеральное государственное бюджетное образовательное учреждение высшего образования ""Московский государственный университет геодезии и картографии"""
"Олимпиада школьников ""Гранит науки""","Федеральное государственное бюджетное образовательное учреждение высшего образования ""Казанский национальный исследовательский технический университет им. А.Н. Туполева-КАИ"""
"Олимпиада школьников ""Гранит науки""","Федеральное государственное бюджетное образовательное учреждение высшего образования ""Сибирский государственный университет телекоммуникаций и информатики"""
"Олимпиада школьников ""Гранит науки""","Федеральное государственное бюджетное образовательное учреждение высшего образования ""Уфимский государственный нефтяной технический университет"""
"Олимпиада школьников ""Гранит науки""","Федеральное государственное бюджетное образовательное учреждение высшего образования ""Алтайский государственный университет"""
"Олимпиада школьников ""Гранит науки""","Федеральное государственное автономное образовательное учреждение высшего образования ""Пермский национальный исследовательский политехнический университет"""
"Олимпиада школьников ""Гранит науки""","Федеральное государственное автономное образовательное учреждение высшего образования ""Сибирский федеральный университет"""
"Олимпиада школьников ""Гранит науки""","Федеральное государственное бюджетное образовательное учреждение высшего образования ""Юго-Западный государственный университет"""
"Олимпиада школьников ""Гранит науки""","Федеральное государственное бюджетное образовательное учреждение высшего образования ""Вятский государственный университет"""
"Олимпиада школьников ""Ломоносов""","Федеральное государственное бюджетное образовательное учреждение высшего образования ""Московский государственный университет имени М.В. Ломоносова"""
"Олимпиада школьников ""Ломоносов""","Федеральное государственное бюджетное образовательное учреждение высшего образования ""Кемеровский государственный университет"""
"Олимпиада школьников ""Ломоносов""","Федеральное государственное бюджетное образовательное учреждение высшего образования ""Московский государственный университет имени М.В. Ломоносова"""
"Олимпиада школьников ""Ломоносов""","Федеральное государственное бюджетное образовательное учреждение высшего образования ""Московский государственный университет имени М.В. Ломоносова"""
"Олимпиада школьников ""Ломоносов""","Федеральное государственное автономное образовательное учреждение высшего образования ""Московский государственный институт международных отношений (университет) Министерства иностранных дел Российской Федерации"""
"Олимпиада школьников ""Ломоносов""","Федеральное государственное бюджетное образовательное учреждение высшего образования ""Московский государственный университет имени М.В. Ломоносова"""
"Олимпиада школьников ""Надежда энергетики""","Федеральное государственное бюджетное образовательное учреждение высшего образования ""Национальный исследовательский университет ""МЭИ"""
"Олимпиада школьников ""Надежда энергетики""","Федеральное государственное бюджетное образовательное учреждение высшего образования ""Ивановский государственный энергетический университет имени В.И. Ленина"""
"Олимпиада школьников ""Надежда энергетики""","Федеральное государственное бюджетное образовательное учреждение высшего образования ""Казанский государственный энергетический университет"""
"Олимпиада школьников ""Надежда энергетики""","Федеральное государственное автономное образовательное учреждение высшего образования ""Сибирский федеральный университет"""
"Олимпиада школьников ""Покори Воробьевы горы!""","Федеральное государственное бюджетное образовательное учреждение высшего образования ""Московский государственный университет имени М.В. Ломоносова"""
"Олимпиада школьников ""Робофест""","Федеральное государственное бюджетное образовательное учреждение высшего образования ""Московский государственный университет имени М.В. Ломоносова"""
"Олимпиада школьников ""Физтех""","Федеральное государственное автономное образовательное учреждение высшего образования ""Московский физико-технический институт (национальный исследовательский университет)"""
"Олимпиада школьников ""Физтех""","Федеральное государственное автономное образовательное учреждение высшего образования ""Московский физико-технический институт (национальный исследовательский университет)"""
"Олимпиада школьников ""Физтех""","Федеральное государственное автономное образовательное учреждение высшего образования ""Национальный исследовательский университет ""Высшая школа экономики"""
"Олимпиада школьников ""Физтех""","Федеральное государственное бюджетное образовательное учреждение высшего образования ""Новосибирский государственный технический университет"""
"Олимпиада школьников ""Физтех""","Федеральное государственное автономное образовательное учреждение высшего образования ""Московский государственный технологический университет ""СТАНКИН"""
"Олимпиада школьников ""Физтех""","Федеральное государственное бюджетное образовательное учреждение высшего образования ""Санкт-Петербургский государственный университет телекоммуникаций им. проф. М.А. Бонч-Бруевича"""
"Олимпиада школьников ""Физтех""","Федеральное государственное бюджетное образовательное учреждение высшего образования ""Сибирский государственный университет телекоммуникаций и информатики"""
"Олимпиада школьников ""Физтех""","Ордена Трудового Красного Знамени федеральное государственное бюджетное образовательное учреждение высшего образования ""Московский технический университет связи и информатики"""
"Олимпиада школьников ""Физтех""","Федеральное государственное бюджетное образовательное учреждение высшего образования ""МИРЭА - Российский технологический университет"""
"Олимпиада школьников ""Физтех""","Федеральное государственное автономное образовательное учреждение высшего образования ""Московский политехнический университет"""
"Олимпиада школьников ""Физтех""","Федеральное государственное автономное образовательное учреждение высшего образования ""Балтийский федеральный университет имени Иммануила Канта"""
"Олимпиада школьников ""Физтех""","Федеральное государственное автономное образовательное учреждение высшего образования ""Омский государственный технический университет"""
"Олимпиада школьников ""Физтех""","Федеральное государственное автономное образовательное учреждение высшего образования ""Санкт-Петербургский политехнический университет Петра Великого"""
"Олимпиада школьников ""Физтех""","Федеральное государственное бюджетное образовательное учреждение высшего образования ""Алтайский государственный университет"""
"Олимпиада школьников ""Физтех""","Федеральное государственное бюджетное образовательное учреждение высшего образования ""Алтайский государственный технический университет им. И.И. Ползунова"""
"Олимпиада школьников ""Физтех""","Федеральное государственное автономное образовательное учреждение высшего образования ""Волгоградский государственный университет"""
"Олимпиада школьников ""Физтех""","Федеральное государственное бюджетное образовательное учреждение высшего образования ""Тамбовский государственный университет имени Г.Р. Державина"""
"Олимпиада школьников ""Физтех""","Федеральное государственное автономное образовательное учреждение высшего образования ""Московский физико-технический институт (национальный исследовательский университет)"""
"Олимпиада школьников ""Физтех""","Федеральное государственное автономное образовательное учреждение высшего образования ""Санкт-Петербургский государственный электротехнический университет ""ЛЭТИ"" им. В.И. Ульянова (Ленина)"""
"Олимпиада школьников ""Физтех""","Федеральное государственное бюджетное образовательное учреждение высшего образования ""Уфимский университет науки и технологий"""
"Олимпиада школьников ""Физтех""","Федеральное государственное автономное образовательное учреждение высшего образования ""Казанский (Приволжский) федеральный университет"""
"Олимпиада школьников ""Физтех""","Федеральное государственное автономное образовательное учреждение высшего образования ""Северо-Кавказский федеральный университет"""
"Олимпиада школьников ""Физтех""","Федеральное государственное автономное образовательное учреждение высшего образования ""Южный федеральный университет"""
"Олимпиада школьников ""Физтех""","Федеральное государственное автономное образовательное учреждение высшего образования ""Национальный исследовательский университет ""Московский институт электронной техники"""
"Олимпиада школьников ""Физтех""","Федеральное государственное автономное образовательное учреждение высшего образования ""Национальный исследовательский технологический университет ""МИСИС"""
"Олимпиада школьников ""Физтех""","Федеральное государственное автономное образовательное учреждение высшего образования ""Московский физико-технический институт (национальный исследовательский университет)"""
"Олимпиада школьников ""Физтех""","Автономная некоммерческая организация высшего образования ""Российский новый университет"""
"Олимпиада школьников ""Физтех""","Частное образовательное учреждение высшего образования ""Московский университет имени С.Ю. Витте"""
"Олимпиада школьников ""Физтех""","Федеральное государственное автономное образовательное учреждение высшего образования ""Московский физико-технический институт (национальный исследовательский университет)"""
"Олимпиада школьников ""Физтех""","Федеральное государственное автономное образовательное учреждение высшего образования ""Санкт-Петербургский государственный электротехнический университет ""ЛЭТИ"" им. В.И. Ульянова (Ленина)"""
"Олимпиада школьников ""Физтех""","Федеральное государственное бюджетное образовательное учреждение высшего образования ""Уфимский университет науки и технологий"""
"Олимпиада школьников ""Физтех""","Федеральное государственное автономное образовательное учреждение высшего образования ""Казанский (Приволжский) федеральный университет"""
"Олимпиада школьников ""Физтех""","Федеральное государственное автономное образовательное учреждение высшего образования ""Северо-Кавказский федеральный университет"""
"Олимпиада школьников ""Физтех""","Федеральное государственное автономное образовательное учреждение высшего образования ""Южный федеральный университет"""
"Олимпиада школьников ""Физтех""","Федеральное государственное автономное образовательное учреждение высшего образования ""Национальный исследовательский университет ""Московский институт электронной техники"""
"Олимпиада школьников ""Физтех""","Федеральное государственное автономное образовательное учреждение высшего образования ""Национальный исследовательский технологический университет ""МИСИС"""
"Олимпиада школьников ""Физтех""","Федеральное государственное автономное образовательное учреждение высшего образования ""Московский физико-технический институт (национальный исследовательский университет)"""
"Олимпиада школьников ""Шаг в будущее""","Федеральное государственное автономное образовательное учреждение высшего образования ""Московский государственный технический университет имени Н.Э. Баумана (национальный исследовательский университет)"""
Олимпиада школьников по информатике и программированию,"Федеральное государственное автономное образовательное учреждение высшего образования ""Национальный исследовательский университет ИТМО"""
"Олимпиада школьников по программированию ""ТехноКубок""","Федеральное государственное автономное образовательное учреждение высшего образования ""Московский физико-технический институт (национальный исследовательский университет)"""
"Олимпиада школьников по программированию ""ТехноКубок""","Федеральное государственное автономное образовательное учреждение высшего образования ""Московский государственный технический университет имени Н.Э. Баумана (национальный исследовательский университет)"""
Олимпиада школьников Российской академии народного хозяйства и государственной службы при Президенте Российской Федерации,"Федеральное государственное бюджетное образовательное учреждение высшего образования ""Российская академия народного хозяйства и государственной службы при Президенте Российской Федерации"""
Олимпиада школьников Санкт-Петербургского государственного университета,"Федеральное государственное бюджетное образовательное учреждение высшего образования ""Санкт-Петербургский государственный университет"""
"Олимпиада школьников федерального государственного бюджетного образовательного учреждения высшего образования ""Всероссийский государственный университет юстиции (РПА Минюста России)"" ""В мир права""","Федеральное государственное бюджетное образовательное учреждение высшего образования ""Всероссийский государственный университет юстиции (РПА Минюста России)"""
Олимпиада Юношеской математической школы,"Федеральное государственное бюджетное образовательное учреждение высшего образования ""Российский государственный педагогический университет им. А.И. Герцена"""
Олимпиада Юношеской математической школы,"Автономная некоммерческая организация высшего образования ""Центральный университет"""
"Открытая межвузовская олимпиада школьников Сибирского федерального округа ""Будущее Сибири""","Федеральное государственное бюджетное образовательное учреждение высшего образования ""Новосибирский государственный технический университет"""
"Открытая олимпиада Северо-Кавказского федерального университета среди учащихся образовательных организаций ""45 параллель""","Федеральное государственное автономное образовательное учреждение высшего образования ""Северо-Кавказский федеральный университет"""
Открытая олимпиада школьников,"Федеральное государственное автономное образовательное учреждение высшего образования ""Национальный исследовательский университет ИТМО"""
Открытая олимпиада школьников,"Федеральное государственное бюджетное образовательное учреждение высшего образования ""Саратовский национальный исследовательский государственный университет имени Н.Г. Чернышевского"""
Открытая олимпиада школьников,"Федеральное государственное автономное образовательное учреждение высшего образования ""Южно-Уральский государственный университет (национальный исследовательский университет)"""
Открытая олимпиада школьников,"Федеральное государственное автономное образовательное учреждение высшего образования ""Уральский федеральный университет имени первого Президента России Б.Н. Ельцина"""
Открытая олимпиада школьников,"Федеральное государственное автономное образовательное учреждение высшего образования ""Национальный исследовательский университет ИТМО"""
Открытая олимпиада школьников по программированию,Департамент образования и науки города Москвы
Открытая олимпиада школьников по программированию,"Федеральное государственное автономное образовательное учреждение высшего образования ""Московский физико-технический институт (национальный исследовательский университет)"""
Открытая олимпиада школьников по программированию,"Федеральное государственное автономное образовательное учреждение высшего образования ""Национальный исследовательский университет ""Высшая школа экономики"""
"Открытая олимпиада школьников по программированию ""Когнитивные технологии""","Федеральное государственное автономное образовательное учреждение высшего образования ""Национальный исследовательский технологический университет ""МИСИС"""
"Открытая олимпиада школьников по программированию ""Когнитивные технологии""","Федеральное государственное автономное образовательное учреждение высшего образования ""Московский физико-технический институт (национальный исследовательский университет)"""
Открытая региональная межвузовская олимпиада школьников (ОРМО) с международным участием,"Федеральное государственное автономное образовательное учреждение высшего образования ""Национальный исследовательский Томский государственный университет"""
Открытая региональная межвузовская олимпиада школьников (ОРМО) с международным участием,"Федеральное государственное автономное образовательное учреждение высшего образования ""Национальный исследовательский Томский политехнический университет"""
Открытая региональная межвузовская олимпиада школьников (ОРМО) с международным участием,"Федеральное государственное автономное образовательное учреждение высшего образования ""Томский государственный университет систем управления и радиоэлектроники"""
Открытая региональная межвузовская олимпиада школьников (ОРМО) с международным участием,"Федеральное государственное бюджетное образовательное учреждение высшего образования ""Сибирский государственный медицинский университет"" Министерства здравоохранения Российской Федерации"
Открытая химическая олимпиада,"Федеральное государственное автономное образовательное учреждение высшего образования ""Национальный исследовательский технологический университет ""МИСИС"""
Открытая химическая олимпиада,"Федеральное государственное бюджетное образовательное учреждение высшего образования ""МИРЭА - Российский технологический университет"""
Открытая химическая олимпиада,"Федеральное государственное автономное образовательное учреждение высшего образования ""Санкт-Петербургский государственный электротехнический университет ""ЛЭТИ"" им. В.И. Ульянова (Ленина)"""
"Отраслевая олимпиада школьников ""Газпром""","Федеральное государственное автономное образовательное учреждение высшего образования ""Санкт-Петербургский государственный электротехнический университет ""ЛЭТИ"" им. В.И. Ульянова (Ленина)"""
"Отраслевая олимпиада школьников ""Газпром""","Федеральное государственное бюджетное образовательное учреждение высшего образования ""Государственный университет морского и речного флота имени адмирала С.О. Макарова"""
"Отраслевая олимпиада школьников ""Газпром""","Федеральное государственное бюджетное образовательное учреждение высшего образования ""Казанский национальный исследовательский технологический университет"""
"Отраслевая олимпиада школьников ""Газпром""","Федеральное государственное автономное образовательное учреждение высшего образования ""Московский государственный технический университет имени Н.Э. Баумана (национальный исследовательский университет)"""
"Отраслевая олимпиада школьников ""Газпром""","Федеральное государственное автономное образовательное учреждение высшего образования ""Национальный исследовательский Томский политехнический университет"""
"Отраслевая олимпиада школьников ""Газпром""","Федеральное государственное бюджетное образовательное учреждение высшего образования ""Санкт-Петербургский горный университет императрицы Екатерины II"""
"Отраслевая олимпиада школьников ""Газпром""","Федеральное государственное автономное образовательное учреждение высшего образования ""Российский государственный университет нефти и газа (национальный исследовательский университет) имени И.М. Губкина"""
"Отраслевая олимпиада школьников ""Газпром""","Федеральное государственное бюджетное образовательное учреждение высшего образования ""Санкт-Петербургский государственный морской технический университет"""
"Отраслевая олимпиада школьников ""Газпром""","Федеральное государственное бюджетное образовательное учреждение высшего образования ""Санкт-Петербургский государственный экономический университет"""
"Отраслевая олимпиада школьников ""Газпром""","Федеральное государственное автономное образовательное учреждение высшего образования ""Северо-Восточный федеральный университет имени М.К. Аммосова"""
"Отраслевая олимпиада школьников ""Газпром""","Федеральное государственное бюджетное образовательное учреждение высшего образования ""Тюменский индустриальный университет"""
"Отраслевая олимпиада школьников ""Газпром""","Федеральное государственное бюджетное образовательное учреждение высшего образования ""Уфимский государственный нефтяной технический университет"""
"Отраслевая олимпиада школьников ""Газпром""","Федеральное государственное бюджетное образовательное учреждение высшего образования ""Ухтинский государственный технический университет"""
"Отраслевая олимпиада школьников ""Газпром""","Федеральное государственное автономное образовательное учреждение высшего образования ""Санкт-Петербургский политехнический университет Петра Великого"""
"Отраслевая физико-математическая олимпиада школьников ""Росатом""","Федеральное государственное автономное образовательное учреждение высшего образования ""Национальный исследовательский ядерный университет ""МИФИ"""
"Отраслевая физико-математическая олимпиада школьников ""Росатом""","Федеральное государственное бюджетное образовательное учреждение высшего образования ""Воронежский государственный университет"""
"Отраслевая физико-математическая олимпиада школьников ""Росатом""","Федеральное государственное автономное образовательное учреждение высшего образования ""Уральский федеральный университет имени первого Президента России Б.Н. Ельцина"""
"Отраслевая физико-математическая олимпиада школьников ""Росатом""","Федеральное государственное бюджетное образовательное учреждение высшего образования ""Казанский национальный исследовательский технический университет им. А.Н. Туполева-КАИ"""
"Отраслевая физико-математическая олимпиада школьников ""Росатом""","Федеральное государственное бюджетное образовательное учреждение высшего образования ""Нижегородский государственный технический университет им. Р.Е. Алексеева"""
Пироговская олимпиада для школьников по химии и биологии,"Федеральное государственное автономное образовательное учреждение высшего образования ""Российский национальный исследовательский медицинский университет имени Н.И. Пирогова"" Министерства здравоохранения Российской Федерации"
Плехановская олимпиада школьников,"Федеральное государственное бюджетное образовательное учреждение высшего образования ""Российский экономический университет имени Г.В. Плеханова"""
Плехановская олимпиада школьников,"Федеральное государственное бюджетное образовательное учреждение высшего образования ""Новосибирский государственный университет экономики и управления ""НИНХ"""
Плехановская олимпиада школьников,"Федеральное государственное бюджетное образовательное учреждение высшего образования ""Уральский государственный экономический университет"""
Плехановская олимпиада школьников,"Федеральное государственное автономное образовательное учреждение высшего образования ""Балтийский федеральный университет имени Иммануила Канта"""
Региональный конкурс школьников Челябинского университетского образовательного округа,"Федеральное государственное бюджетное образовательное учреждение высшего образования ""Челябинский государственный"
Региональный конкурс школьников Челябинского университетского образовательного округа,"университет"""
Региональный конкурс школьников Челябинского университетского образовательного округа,"Федеральное государственное бюджетное образовательное учреждение высшего образования ""Кемеровский государственный университет"""
Региональный конкурс школьников Челябинского университетского образовательного округа,"Федеральное государственное бюджетное образовательное учреждение высшего образования ""Челябинский государственный университет"""
Региональный конкурс школьников Челябинского университетского образовательного округа,"Федеральное государственное бюджетное образовательное учреждение высшего образования ""Уральский государственный экономический университет"""
Санкт-Петербургская астрономическая олимпиада,"Федеральное государственное бюджетное образовательное учреждение высшего образования ""Санкт-Петербургский государственный университет"""
Санкт-Петербургская олимпиада школьников,Комитет по образованию Санкт-Петербурга
Санкт-Петербургская олимпиада школьников,"Федеральное государственное бюджетное образовательное учреждение высшего образования ""Санкт-Петербургский государственный университет"""
Санкт-Петербургская олимпиада школьников,"Федеральное государственное бюджетное образовательное учреждение высшего образования ""Российский государственный педагогический университет им. А.И. Герцена"""
Санкт-Петербургская олимпиада школьников,Комитет по образованию Санкт-Петербурга
Санкт-Петербургская олимпиада школьников,"Федеральное государственное бюджетное образовательное учреждение высшего образования ""Санкт-Петербургский государственный университет"""
Санкт-Петербургская олимпиада школьников,"Федеральное государственное бюджетное образовательное учреждение высшего образования ""Санкт-Петербургский государственный университет промышленных технологий и дизайна"""
Санкт-Петербургская олимпиада школьников,"Федеральное государственное бюджетное образовательное учреждение высшего образования ""Российский государственный педагогический университет им. А.И. Герцена"""
Северо-Восточная олимпиада школьников,Департамент образования и науки Ханты-Мансийского автономного округа - Югры
Северо-Восточная олимпиада школьников,"Федеральное государственное автономное образовательное учреждение высшего образования ""Казанский (Приволжский) федеральный университет"""
Северо-Восточная олимпиада школьников,"Федеральное государственное автономное образовательное учреждение высшего образования ""Крымский федеральный университет имени В.И. Вернадского"""
Северо-Восточная олимпиада школьников,"Федеральное государственное автономное образовательное учреждение высшего образования ""Северный (Арктический) федеральный университет имени М.В. Ломоносова"""
Северо-Восточная олимпиада школьников,"Федеральное государственное автономное образовательное учреждение высшего образования ""Северо-Восточный федеральный университет имени М.К. Аммосова"""
Северо-Восточная олимпиада школьников,"Федеральное государственное автономное образовательное учреждение высшего образования ""Сибирский федеральный университет"""
Северо-Восточная олимпиада школьников,"Федеральное государственное бюджетное образовательное учреждение высшего образования ""Бурятский государственный университет имени Доржи Банзарова"""
Северо-Восточная олимпиада школьников,"Федеральное государственное бюджетное образовательное учреждение высшего образования ""Глазовский государственный инженерно-педагогический университет имени В.Г. Короленко"""
Северо-Восточная олимпиада школьников,"Федеральное государственное бюджетное образовательное учреждение высшего образования ""Горно-Алтайский государственный университет"""
Северо-Восточная олимпиада школьников,"Федеральное государственное бюджетное образовательное учреждение высшего образования ""Дагестанский государственный педагогический университет им. Р. Гамзатова"""
Северо-Восточная олимпиада школьников,"Федеральное государственное бюджетное образовательное учреждение высшего образования ""Дагестанский государственный университет"""
Северо-Восточная олимпиада школьников,"Федеральное государственное бюджетное образовательное учреждение высшего образования ""Ингушский государственный университет"""
Северо-Восточная олимпиада школьников,"Федеральное государственное бюджетное образовательное учреждение высшего образования ""Кабардино-Балкарский государственный университет им. Х.М. Бербекова"""
Северо-Восточная олимпиада школьников,"Федеральное государственное бюджетное образовательное учреждение высшего образования ""Калмыцкий государственный университет имени Б.Б. Городовикова"""
Северо-Восточная олимпиада школьников,"Федеральное государственное бюджетное образовательное учреждение высшего образования ""Камчатский государственный университет имени Витуса Беринга"""
Северо-Восточная олимпиада школьников,"Федеральное государственное бюджетное образовательное учреждение высшего образования ""Карачаево-Черкесский государственный университет имени У.Д. Алиева"""
Северо-Восточная олимпиада школьников,"Федеральное государственное бюджетное образовательное учреждение высшего образования ""Марийский государственный университет"""
Северо-Восточная олимпиада школьников,"Федеральное государственное бюджетное образовательное учреждение высшего образования ""Мордовский государственный педагогический университет имени М.Е. Евсевьева"""
Северо-Восточная олимпиада школьников,"Федеральное государственное бюджетное образовательное учреждение высшего образования ""Петрозаводский государственный университет"""
Северо-Восточная олимпиада школьников,"Федеральное государственное бюджетное образовательное учреждение высшего образования ""Российский государственный педагогический университет им. А.И. Герцена"""
Северо-Восточная олимпиада школьников,"Федеральное государственное бюджетное образовательное учреждение высшего образования ""Северо-Осетинский государственный университет имени Коста Левановича Хетагурова"""
Северо-Восточная олимпиада школьников,"Федеральное государственное бюджетное образовательное учреждение высшего образования ""Сыктывкарский государственный университет имени Питирима Сорокина"""
Северо-Восточная олимпиада школьников,"Федеральное государственное бюджетное образовательное учреждение высшего образования ""Тверской государственный университет"""
Северо-Восточная олимпиада школьников,"Федеральное государственное бюджетное образовательное учреждение высшего образования ""Тувинский государственный университет"""
Северо-Восточная олимпиада школьников,"Федеральное государственное бюджетное образовательное учреждение высшего образования ""Удмуртский государственный университет"""
Северо-Восточная олимпиада школьников,"Федеральное государственное бюджетное образовательное учреждение высшего образования ""Уфимский университет науки и технологий"""
Северо-Восточная олимпиада школьников,"Федеральное государственное бюджетное образовательное учреждение высшего образования ""Хакасский государственный университет им. Н.Ф. Катанова"""
Северо-Восточная олимпиада школьников,"Федеральное государственное бюджетное образовательное учреждение высшего образования ""Чеченский государственный университет имени Ахмата Абдулхамидовича Кадырова"""
Северо-Восточная олимпиада школьников,"Федеральное государственное бюджетное образовательное учреждение высшего образования ""Чувашский государственный университет имени И.Н. Ульянова"""
Северо-Восточная олимпиада школьников,"Федеральное государственное бюджетное образовательное учреждение высшего образования ""Югорский государственный университет"""
Северо-Восточная олимпиада школьников,"Федеральное государственное бюджетное образовательное учреждение высшего образования ""Алтайский государственный университет"""
Северо-Восточная олимпиада школьников,"Федеральное государственное бюджетное образовательное учреждение высшего образования ""Юго-Западный государственный университет"""
Северо-Восточная олимпиада школьников,"Федеральное государственное автономное образовательное учреждение высшего образования ""Национальный исследовательский Томский государственный университет"""
Северо-Восточная олимпиада школьников,"Федеральное государственное бюджетное образовательное учреждение высшего образования ""Алтайский государственный университет"""
Северо-Восточная олимпиада школьников,"Федеральное государственное бюджетное образовательное учреждение высшего образования ""Горно-Алтайский государственный университет"""
Северо-Восточная олимпиада школьников,"Федеральное государственное автономное образовательное учреждение высшего образования ""Северо-Восточный федеральный университет имени М.К. Аммосова"""
Северо-Восточная олимпиада школьников,"Федеральное государственное автономное образовательное учреждение высшего образования ""Сибирский федеральный университет"""
Северо-Восточная олимпиада школьников,"Федеральное государственное бюджетное образовательное учреждение высшего образования ""Юго-Западный государственный университет"""
Северо-Восточная олимпиада школьников,"Федеральное государственное бюджетное образовательное учреждение высшего образования ""Дагестанский государственный университет"""
Северо-Восточная олимпиада школьников,"Федеральное государственное автономное образовательное учреждение высшего образования ""Казанский (Приволжский) федеральный университет"""
Северо-Восточная олимпиада школьников,"Федеральное государственное бюджетное образовательное учреждение высшего образования ""Карачаево-Черкесский государственный университет имени У.Д. Алиева"""
Северо-Восточная олимпиада школьников,"Федеральное государственное автономное образовательное учреждение высшего образования ""Крымский федеральный университет имени В.И. Вернадского"""
Северо-Восточная олимпиада школьников,"Федеральное государственное бюджетное образовательное учреждение высшего образования ""Марийский государственный университет"""
Северо-Восточная олимпиада школьников,"Федеральное государственное бюджетное образовательное учреждение высшего образования ""Мордовский государственный педагогический университет имени М.Е. Евсевьева"""
Северо-Восточная олимпиада школьников,"Федеральное государственное бюджетное образовательное учреждение высшего образования ""Тувинский государственный университет"""
Северо-Восточная олимпиада школьников,"Федеральное государственное бюджетное образовательное учреждение высшего образования ""Уфимский университет науки и технологий"""
Северо-Восточная олимпиада школьников,"Федеральное государственное бюджетное образовательное учреждение высшего образования ""Чеченский государственный университет имени Ахмата Абдулхамидовича Кадырова"""
Северо-Восточная олимпиада школьников,"Федеральное государственное бюджетное образовательное учреждение высшего образования ""Чувашский государственный университет имени И.Н. Ульянова"""
"Сибирская межрегиональная олимпиада школьников ""Архитектурно-дизайнерское творчество""","Федеральное государственное бюджетное образовательное учреждение высшего образования ""Новосибирский государственный университет архитектуры, дизайна и искусств имени А.Д. Крячкова"""
Строгановская олимпиада,"Федеральное государственное бюджетное образовательное учреждение высшего образования ""Российский государственный художественно-промышленный университет им. С.Г. Строганова"""
Твой путь в настоящую науку,"Федеральное государственное автономное образовательное учреждение высшего образования ""Новосибирский национальный исследовательский государственный университет"""
"Телевизионная гуманитарная олимпиада школьников ""Умницы и умники""","Федеральное государственное автономное образовательное учреждение высшего образования ""Московский государственный институт международных отношений (университет) Министерства иностранных дел Российской Федерации"""
Турнир городов,Департамент образования и науки города Москвы
Турнир имени М.В. Ломоносова,Департамент образования и науки города Москвы
Турнир имени М.В. Ломоносова,"Федеральное государственное бюджетное образовательное учреждение высшего образования ""Московский государственный университет имени М.В. Ломоносова"""
Турнир имени М.В. Ломоносова,"Федеральное государственное автономное образовательное учреждение высшего образования ""Московский физико-технический институт (национальный исследовательский университет)"""
"Университетская олимпиада школьников ""Бельчонок""","Федеральное государственное автономное образовательное учреждение высшего образования ""Сибирский федеральный университет"""
"Университетская олимпиада школьников ""Бельчонок""","Федеральное государственное бюджетное образовательное учреждение высшего образования ""Казанский государственный энергетический университет"""
"Университетская олимпиада школьников ""Бельчонок""","Федеральное государственное бюджетное образовательное учреждение высшего образования ""Национальный исследовательский университет ""МЭИ"""
"Университетская олимпиада школьников ""Бельчонок""","Федеральное государственное автономное образовательное учреждение высшего образования ""Тюменский государственный университет"""
"Университетская олимпиада школьников ""Бельчонок""","Федеральное государственное бюджетное образовательное учреждение высшего образования ""Ульяновский государственный технический университет"""
"Университетская олимпиада школьников ""Бельчонок""","Федеральное государственное бюджетное образовательное учреждение высшего образования ""Уфимский государственный нефтяной технический университет"""
"Университетская олимпиада школьников ""Бельчонок""","Федеральное государственное бюджетное образовательное учреждение высшего образования ""Санкт-Петербургский горный университет императрицы Екатерины II"""
